date,烟台,中山,武汉,佛山,南宁,东营,南京,惠州,常州,郑州,乌鲁木齐,重庆,石家庄,温州,南昌,广州,大连,大庆,南通,苏州,长沙,成都,厦门,太原,宁波,合肥,福州,唐山,西安,天津,北京,昆明,呼和浩特,无锡,沈阳,珠海,济南,东莞,淄博,上海,哈尔滨,徐州,长春,青岛,深圳,包头,杭州,鞍山
2016-02-01,-7.0,7.0,-2.0,7.0,6.0,-7.0,-4.0,6.0,-3.0,-5.0,-15.0,5.0,-5.0,2.0,0.0,7.0,-6.0,-20.0,-4.0,-2.0,-1.0,2.0,7.0,-15.0,-2.0,-3.0,5.0,-13.0,-6.0,-4.0,-8.0,1.0,-16.0,-4.0,-18.0,8.0,-5.0,6.0,-9.0,-1.0,-24.0,-6.0,-17.0,-5.0,8.0,-18.0,-3.0,-11.0
2016-02-02,-6.0,8.0,-4.0,6.0,6.0,-6.0,-4.0,6.0,-2.0,-5.0,-14.0,6.0,-5.0,0.0,-1.0,6.0,-4.0,-17.0,-4.0,-3.0,-1.0,0.0,6.0,-14.0,-2.0,-3.0,5.0,-12.0,-5.0,-3.0,-7.0,2.0,-16.0,-3.0,-18.0,8.0,-3.0,6.0,-6.0,0.0,-20.0,-4.0,-14.0,-4.0,7.0,-17.0,-2.0,-9.0
2016-02-03,-4.0,9.0,-2.0,8.0,8.0,-3.0,-3.0,7.0,-1.0,-2.0,-14.0,6.0,-4.0,3.0,1.0,8.0,-5.0,-17.0,-2.0,-2.0,0.0,3.0,7.0,-11.0,1.0,-1.0,5.0,-10.0,-3.0,-3.0,-5.0,3.0,-14.0,-1.0,-14.0,10.0,-1.0,9.0,-4.0,2.0,-20.0,-2.0,-16.0,0.0,9.0,-15.0,0.0,-7.0
2016-02-04,-5.0,10.0,-2.0,9.0,9.0,-5.0,-1.0,8.0,0.0,-4.0,-15.0,6.0,-3.0,5.0,2.0,9.0,-6.0,-16.0,-2.0,-1.0,2.0,4.0,9.0,-11.0,2.0,-1.0,7.0,-10.0,-1.0,-4.0,-6.0,2.0,-16.0,-1.0,-15.0,13.0,-4.0,10.0,-7.0,3.0,-23.0,-2.0,-17.0,-3.0,11.0,-17.0,2.0,-11.0
2016-02-05,-4.0,8.0,-4.0,7.0,5.0,-5.0,-2.0,7.0,-1.0,-3.0,-12.0,6.0,-4.0,4.0,1.0,7.0,-6.0,-18.0,-2.0,-2.0,2.0,4.0,8.0,-14.0,1.0,-2.0,6.0,-9.0,-3.0,-4.0,-4.0,2.0,-16.0,-1.0,-16.0,8.0,-5.0,8.0,-8.0,1.0,-23.0,-4.0,-18.0,-5.0,9.0,-17.0,1.0,-10.0
2016-02-06,-5.0,6.0,-3.0,6.0,4.0,-5.0,-3.0,6.0,-2.0,-2.0,-14.0,5.0,-2.0,2.0,0.0,6.0,-4.0,-15.0,-3.0,-4.0,1.0,1.0,5.0,-12.0,-2.0,-2.0,3.0,-10.0,-2.0,-3.0,-6.0,2.0,-14.0,-3.0,-13.0,8.0,-2.0,6.0,-5.0,-1.0,-18.0,-3.0,-14.0,-3.0,7.0,-15.0,-2.0,-7.0
2016-02-07,-2.0,6.0,-1.0,5.0,4.0,-2.0,-2.0,6.0,0.0,0.0,-14.0,7.0,-1.0,3.0,3.0,5.0,-2.0,-15.0,-2.0,-2.0,3.0,3.0,6.0,-8.0,-1.0,-2.0,3.0,-7.0,-2.0,-2.0,-4.0,2.0,-10.0,0.0,-10.0,9.0,1.0,5.0,0.0,3.0,-16.0,-1.0,-11.0,-1.0,7.0,-11.0,1.0,-5.0
2016-02-08,-3.0,10.0,3.0,8.0,3.0,-1.0,3.0,6.0,4.0,2.0,-9.0,9.0,0.0,4.0,4.0,6.0,-1.0,-17.0,3.0,-3.0,7.0,4.0,8.0,-4.0,3.0,3.0,5.0,-6.0,-1.0,1.0,-3.0,4.0,-7.0,3.0,-13.0,12.0,3.0,10.0,-3.0,6.0,-18.0,1.0,-16.0,2.0,12.0,-8.0,4.0,-5.0
2016-02-09,0.0,12.0,8.0,13.0,8.0,0.0,6.0,12.0,5.0,2.0,-10.0,10.0,0.0,6.0,7.0,12.0,0.0,-17.0,6.0,0.0,11.0,6.0,8.0,-4.0,7.0,7.0,8.0,-4.0,2.0,0.0,-3.0,5.0,-5.0,6.0,-8.0,13.0,5.0,12.0,1.0,9.0,-20.0,4.0,-11.0,4.0,14.0,-9.0,6.0,-2.0
2016-02-10,3.0,15.0,11.0,16.0,12.0,5.0,11.0,16.0,11.0,6.0,-14.0,10.0,3.0,11.0,12.0,15.0,3.0,-12.0,12.0,6.0,14.0,6.0,13.0,1.0,13.0,10.0,12.0,0.0,4.0,2.0,-1.0,5.0,-1.0,10.0,-2.0,16.0,7.0,17.0,4.0,13.0,-7.0,8.0,-3.0,6.0,17.0,-3.0,11.0,3.0
2016-02-11,5.0,17.0,13.0,18.0,17.0,4.0,11.0,17.0,10.0,4.0,-16.0,11.0,2.0,13.0,16.0,18.0,3.0,-5.0,12.0,9.0,16.0,8.0,14.0,2.0,15.0,12.0,13.0,0.0,4.0,2.0,-1.0,6.0,0.0,12.0,1.0,18.0,7.0,18.0,3.0,14.0,-7.0,9.0,-1.0,6.0,18.0,-4.0,12.0,3.0
2016-02-12,-1.0,20.0,8.0,20.0,14.0,-4.0,6.0,19.0,7.0,5.0,-18.0,9.0,1.0,14.0,12.0,21.0,-5.0,-13.0,6.0,7.0,10.0,6.0,16.0,-3.0,14.0,6.0,16.0,-2.0,2.0,1.0,2.0,8.0,-11.0,8.0,-6.0,19.0,-3.0,19.0,-4.0,11.0,-11.0,2.0,-8.0,-1.0,19.0,-13.0,12.0,-4.0
2016-02-13,-6.0,15.0,3.0,14.0,13.0,-8.0,1.0,16.0,2.0,-1.0,-19.0,5.0,-3.0,6.0,3.0,14.0,-8.0,-16.0,1.0,5.0,3.0,3.0,10.0,-10.0,3.0,2.0,8.0,-8.0,-3.0,-5.0,-6.0,6.0,-18.0,1.0,-12.0,17.0,-8.0,17.0,-10.0,3.0,-18.0,-3.0,-16.0,-4.0,15.0,-19.0,2.0,-12.0
2016-02-14,-7.0,10.0,-3.0,8.0,8.0,-9.0,-4.0,9.0,-3.0,-3.0,-18.0,4.0,-3.0,3.0,2.0,8.0,-9.0,-26.0,-3.0,-2.0,2.0,-2.0,8.0,-12.0,0.0,-4.0,6.0,-11.0,-4.0,-5.0,-7.0,3.0,-17.0,-3.0,-17.0,10.0,-7.0,10.0,-11.0,-1.0,-21.0,-6.0,-18.0,-5.0,11.0,-16.0,0.0,-14.0
2016-02-15,-5.0,9.0,-2.0,9.0,8.0,-4.0,-1.0,9.0,-2.0,-1.0,-16.0,5.0,0.0,2.0,2.0,9.0,-5.0,-14.0,-2.0,-1.0,0.0,0.0,7.0,-9.0,-2.0,-1.0,5.0,-8.0,-4.0,-4.0,-4.0,5.0,-14.0,-2.0,-13.0,9.0,-3.0,9.0,-6.0,0.0,-15.0,-3.0,-12.0,-2.0,9.0,-14.0,-1.0,-7.0
2016-02-16,-4.0,9.0,-1.0,9.0,8.0,-3.0,1.0,8.0,0.0,-1.0,-16.0,5.0,1.0,3.0,2.0,8.0,-2.0,-13.0,-1.0,-3.0,3.0,2.0,7.0,-8.0,0.0,-1.0,5.0,-6.0,-4.0,-1.0,-4.0,4.0,-13.0,0.0,-12.0,10.0,0.0,9.0,-4.0,2.0,-16.0,-4.0,-11.0,0.0,10.0,-14.0,2.0,-6.0
2016-02-17,0.0,11.0,1.0,10.0,7.0,0.0,3.0,10.0,3.0,3.0,-12.0,5.0,1.0,5.0,5.0,10.0,0.0,-10.0,2.0,-2.0,4.0,0.0,9.0,-7.0,2.0,2.0,8.0,-5.0,-1.0,0.0,-2.0,2.0,-12.0,2.0,-7.0,12.0,4.0,11.0,0.0,6.0,-9.0,1.0,-6.0,4.0,11.0,-14.0,3.0,-2.0
2016-02-18,-2.0,12.0,3.0,13.0,11.0,0.0,4.0,12.0,4.0,4.0,-14.0,7.0,2.0,10.0,8.0,13.0,-2.0,-11.0,3.0,1.0,8.0,4.0,12.0,-5.0,6.0,4.0,10.0,-5.0,1.0,-1.0,-2.0,3.0,-10.0,3.0,-11.0,13.0,3.0,13.0,-1.0,6.0,-12.0,1.0,-11.0,1.0,12.0,-10.0,6.0,-4.0
2016-02-19,-2.0,11.0,2.0,11.0,12.0,-3.0,3.0,12.0,3.0,1.0,-14.0,9.0,-1.0,9.0,8.0,10.0,-4.0,-14.0,3.0,1.0,6.0,3.0,12.0,-8.0,5.0,2.0,10.0,-8.0,-1.0,-2.0,-5.0,4.0,-14.0,4.0,-13.0,12.0,-3.0,12.0,-4.0,5.0,-16.0,-2.0,-13.0,-1.0,12.0,-15.0,6.0,-7.0
2016-02-20,-3.0,12.0,1.0,12.0,11.0,-3.0,0.0,9.0,0.0,-2.0,-12.0,9.0,-4.0,6.0,5.0,10.0,-4.0,-17.0,-1.0,-3.0,8.0,6.0,10.0,-9.0,2.0,-1.0,9.0,-9.0,-3.0,-3.0,-6.0,4.0,-14.0,0.0,-15.0,14.0,-2.0,12.0,-5.0,3.0,-16.0,-3.0,-15.0,-2.0,13.0,-16.0,3.0,-9.0
2016-02-21,0.0,13.0,4.0,14.0,14.0,1.0,5.0,14.0,5.0,2.0,-12.0,8.0,-2.0,8.0,7.0,14.0,-1.0,-18.0,5.0,-1.0,6.0,5.0,12.0,-6.0,7.0,4.0,10.0,-4.0,0.0,0.0,-4.0,6.0,-12.0,5.0,-8.0,14.0,2.0,15.0,0.0,5.0,-20.0,3.0,-13.0,3.0,14.0,-12.0,6.0,-4.0
2016-02-22,-3.0,13.0,4.0,11.0,11.0,-2.0,4.0,12.0,4.0,1.0,-11.0,8.0,-3.0,7.0,6.0,11.0,-6.0,-22.0,2.0,4.0,6.0,5.0,12.0,-9.0,6.0,3.0,10.0,-8.0,0.0,-1.0,-3.0,7.0,-15.0,4.0,-14.0,14.0,-2.0,12.0,-4.0,5.0,-22.0,3.0,-19.0,-1.0,14.0,-16.0,6.0,-11.0
2016-02-23,-6.0,11.0,3.0,10.0,9.0,-4.0,1.0,10.0,2.0,-1.0,-12.0,8.0,-4.0,7.0,7.0,10.0,-6.0,-20.0,1.0,4.0,7.0,5.0,10.0,-8.0,4.0,2.0,7.0,-10.0,1.0,-4.0,-6.0,5.0,-15.0,2.0,-18.0,11.0,-3.0,10.0,-6.0,4.0,-21.0,-3.0,-17.0,-3.0,12.0,-16.0,4.0,-10.0
2016-02-24,-3.0,10.0,2.0,12.0,9.0,-3.0,1.0,11.0,0.0,-1.0,-11.0,8.0,-3.0,4.0,5.0,10.0,-3.0,-18.0,-1.0,2.0,6.0,6.0,9.0,-9.0,0.0,1.0,7.0,-9.0,0.0,-2.0,-4.0,3.0,-14.0,0.0,-14.0,11.0,-1.0,11.0,-2.0,2.0,-20.0,0.0,-16.0,0.0,12.0,-15.0,1.0,-9.0
2016-02-25,-3.0,12.0,13.0,11.0,9.0,-2.0,3.0,11.0,4.0,2.0,-12.0,8.0,-2.0,6.0,9.0,10.0,-2.0,-19.0,3.0,0.0,7.0,4.0,10.0,-8.0,5.0,4.0,9.0,-8.0,1.0,-2.0,-5.0,3.0,-13.0,4.0,-13.0,12.0,0.0,12.0,-3.0,5.0,-19.0,1.0,-14.0,1.0,13.0,-13.0,6.0,-7.0
2016-02-26,-1.0,12.0,7.0,11.0,8.0,0.0,6.0,11.0,6.0,4.0,-9.0,7.0,-1.0,8.0,6.0,10.0,-2.0,-20.0,5.0,3.0,5.0,4.0,11.0,-7.0,6.0,5.0,9.0,-5.0,4.0,1.0,-2.0,2.0,-12.0,6.0,-11.0,13.0,2.0,12.0,-1.0,8.0,-19.0,4.0,-15.0,3.0,13.0,-11.0,6.0,-5.0
2016-02-27,-1.0,12.0,6.0,10.0,6.0,0.0,8.0,11.0,8.0,3.0,-4.0,9.0,1.0,7.0,6.0,9.0,-3.0,-19.0,6.0,1.0,6.0,7.0,10.0,-4.0,7.0,6.0,8.0,-5.0,5.0,-1.0,-3.0,4.0,-10.0,7.0,-13.0,14.0,2.0,12.0,-1.0,10.0,-18.0,3.0,-15.0,2.0,14.0,-11.0,8.0,-8.0
2016-02-28,-4.0,13.0,3.0,10.0,7.0,-3.0,2.0,10.0,2.0,-1.0,-5.0,11.0,-3.0,8.0,7.0,11.0,-6.0,-17.0,2.0,-3.0,9.0,8.0,11.0,-8.0,4.0,1.0,9.0,-10.0,3.0,-3.0,-4.0,3.0,-14.0,3.0,-12.0,14.0,-3.0,11.0,-5.0,4.0,-20.0,-1.0,-16.0,-3.0,14.0,-14.0,5.0,-9.0
2016-02-29,-5.0,11.0,4.0,10.0,6.0,-2.0,0.0,9.0,0.0,1.0,-5.0,11.0,-1.0,6.0,5.0,10.0,-6.0,-16.0,-2.0,-2.0,8.0,5.0,9.0,-6.0,1.0,1.0,7.0,-6.0,2.0,0.0,-4.0,4.0,-9.0,-1.0,-10.0,13.0,-1.0,12.0,-3.0,2.0,-16.0,0.0,-13.0,-2.0,14.0,-10.0,1.0,-10.0
2016-03-01,2.0,12.0,7.0,12.0,9.0,2.0,4.0,12.0,4.0,5.0,-4.0,13.0,2.0,6.0,8.0,11.0,2.0,-11.0,3.0,-1.0,11.0,10.0,8.0,-3.0,5.0,5.0,7.0,-3.0,3.0,2.0,-2.0,5.0,-4.0,4.0,-5.0,15.0,7.0,13.0,3.0,6.0,-14.0,3.0,-7.0,3.0,14.0,-6.0,5.0,0.0
2016-03-02,5.0,12.0,10.0,12.0,14.0,6.0,7.0,11.0,8.0,7.0,-6.0,14.0,7.0,6.0,11.0,12.0,5.0,-13.0,7.0,1.0,11.0,6.0,10.0,0.0,9.0,9.0,8.0,1.0,5.0,6.0,2.0,6.0,-3.0,7.0,-6.0,14.0,12.0,13.0,9.0,10.0,-15.0,6.0,-8.0,5.0,14.0,-4.0,10.0,0.0
2016-03-03,7.0,15.0,11.0,14.0,15.0,9.0,11.0,14.0,10.0,8.0,-10.0,13.0,10.0,12.0,15.0,14.0,2.0,-9.0,11.0,6.0,14.0,10.0,12.0,2.0,13.0,12.0,10.0,3.0,6.0,7.0,4.0,6.0,-2.0,13.0,-1.0,16.0,15.0,15.0,11.0,13.0,-10.0,10.0,-4.0,7.0,16.0,-2.0,12.0,5.0
2016-03-04,4.0,16.0,11.0,17.0,16.0,6.0,13.0,16.0,13.0,8.0,-7.0,14.0,4.0,12.0,13.0,16.0,2.0,-2.0,11.0,11.0,14.0,8.0,13.0,-2.0,14.0,13.0,12.0,1.0,5.0,4.0,4.0,7.0,-7.0,13.0,0.0,18.0,8.0,17.0,6.0,15.0,-3.0,9.0,-1.0,5.0,18.0,-9.0,13.0,1.0
2016-03-05,1.0,18.0,8.0,19.0,17.0,3.0,10.0,17.0,10.0,5.0,-6.0,14.0,2.0,14.0,14.0,18.0,1.0,-6.0,8.0,5.0,13.0,10.0,15.0,-4.0,11.0,10.0,15.0,-3.0,4.0,2.0,-1.0,7.0,-7.0,10.0,-6.0,19.0,5.0,18.0,1.0,10.0,-7.0,6.0,-6.0,4.0,19.0,-8.0,13.0,-1.0
2016-03-06,4.0,18.0,12.0,19.0,18.0,6.0,9.0,18.0,10.0,6.0,-6.0,17.0,3.0,15.0,14.0,18.0,2.0,-8.0,8.0,3.0,13.0,14.0,16.0,-2.0,10.0,11.0,16.0,-3.0,8.0,3.0,-2.0,7.0,-9.0,10.0,-4.0,20.0,8.0,19.0,5.0,10.0,-10.0,9.0,-7.0,5.0,19.0,-8.0,11.0,0.0
2016-03-07,-2.0,19.0,8.0,20.0,17.0,-1.0,3.0,18.0,4.0,5.0,-8.0,17.0,0.0,14.0,9.0,19.0,-3.0,-11.0,3.0,17.0,9.0,15.0,16.0,-3.0,10.0,5.0,16.0,-5.0,6.0,0.0,-1.0,9.0,-10.0,5.0,-9.0,18.0,1.0,18.0,-1.0,7.0,-11.0,2.0,-10.0,2.0,19.0,-8.0,8.0,-7.0
2016-03-08,-3.0,19.0,3.0,17.0,15.0,-4.0,2.0,17.0,3.0,2.0,-10.0,11.0,-2.0,8.0,6.0,18.0,-4.0,-13.0,3.0,16.0,5.0,8.0,13.0,-4.0,7.0,2.0,11.0,-8.0,4.0,-2.0,-2.0,9.0,-11.0,3.0,-9.0,19.0,-2.0,18.0,-5.0,5.0,-13.0,-2.0,-11.0,-2.0,19.0,-11.0,5.0,-8.0
2016-03-09,-3.0,12.0,2.0,10.0,12.0,-3.0,1.0,9.0,1.0,-1.0,-9.0,9.0,-3.0,6.0,4.0,9.0,-4.0,-11.0,1.0,0.0,2.0,5.0,9.0,-8.0,4.0,1.0,7.0,-7.0,0.0,-2.0,-4.0,8.0,-13.0,1.0,-9.0,12.0,-3.0,10.0,-4.0,4.0,-13.0,-1.0,-13.0,-1.0,11.0,-13.0,2.0,-8.0
2016-03-10,-3.0,9.0,0.0,8.0,9.0,-2.0,0.0,7.0,0.0,0.0,-8.0,7.0,-2.0,3.0,3.0,7.0,-3.0,-11.0,-1.0,-4.0,3.0,5.0,8.0,-10.0,0.0,0.0,5.0,-6.0,-1.0,-2.0,-4.0,9.0,-13.0,-1.0,-11.0,10.0,-1.0,8.0,-4.0,1.0,-13.0,-2.0,-12.0,0.0,8.0,-12.0,0.0,-6.0
2016-03-11,-1.0,9.0,2.0,10.0,10.0,0.0,2.0,9.0,2.0,3.0,-6.0,9.0,0.0,4.0,5.0,8.0,-1.0,-8.0,1.0,0.0,4.0,6.0,7.0,-5.0,1.0,2.0,6.0,-5.0,2.0,1.0,-2.0,9.0,-10.0,2.0,-8.0,11.0,3.0,9.0,-2.0,4.0,-9.0,1.0,-8.0,3.0,11.0,-10.0,1.0,-2.0
2016-03-12,2.0,12.0,6.0,10.0,11.0,2.0,7.0,10.0,7.0,5.0,-7.0,12.0,2.0,8.0,10.0,10.0,0.0,-8.0,6.0,3.0,9.0,8.0,10.0,-4.0,7.0,7.0,8.0,-2.0,6.0,3.0,1.0,9.0,-10.0,7.0,-5.0,12.0,4.0,10.0,2.0,8.0,-9.0,3.0,-7.0,4.0,13.0,-11.0,9.0,-2.0
2016-03-13,-1.0,12.0,6.0,11.0,11.0,-1.0,5.0,12.0,5.0,1.0,-5.0,11.0,1.0,8.0,8.0,12.0,0.0,-7.0,3.0,-2.0,8.0,4.0,12.0,-5.0,6.0,5.0,10.0,-4.0,3.0,1.0,-2.0,10.0,-9.0,4.0,-5.0,13.0,0.0,12.0,-3.0,6.0,-9.0,0.0,-8.0,0.0,14.0,-10.0,6.0,-2.0
2016-03-14,3.0,14.0,5.0,14.0,12.0,5.0,4.0,13.0,3.0,4.0,-3.0,12.0,4.0,7.0,9.0,13.0,4.0,-4.0,2.0,3.0,9.0,10.0,10.0,0.0,4.0,5.0,8.0,1.0,7.0,5.0,3.0,9.0,-2.0,3.0,-2.0,14.0,8.0,14.0,3.0,5.0,-4.0,4.0,-2.0,3.0,13.0,-4.0,4.0,3.0
2016-03-15,5.0,14.0,6.0,14.0,14.0,4.0,6.0,14.0,7.0,6.0,-2.0,14.0,4.0,10.0,9.0,14.0,5.0,-1.0,5.0,4.0,11.0,10.0,12.0,0.0,8.0,6.0,10.0,2.0,8.0,5.0,2.0,13.0,0.0,7.0,2.0,15.0,6.0,12.0,3.0,8.0,-1.0,3.0,2.0,4.0,14.0,-2.0,8.0,6.0
2016-03-16,5.0,14.0,10.0,13.0,16.0,7.0,10.0,14.0,9.0,7.0,-1.0,14.0,7.0,10.0,14.0,14.0,4.0,2.0,8.0,8.0,11.0,11.0,13.0,2.0,10.0,10.0,12.0,4.0,8.0,8.0,6.0,13.0,1.0,9.0,3.0,15.0,10.0,14.0,8.0,11.0,-1.0,6.0,3.0,5.0,15.0,-1.0,11.0,7.0
2016-03-17,7.0,18.0,11.0,16.0,16.0,9.0,12.0,18.0,12.0,10.0,-1.0,13.0,9.0,13.0,12.0,17.0,4.0,0.0,11.0,12.0,12.0,9.0,15.0,2.0,14.0,11.0,15.0,5.0,7.0,9.0,6.0,9.0,0.0,12.0,3.0,18.0,12.0,18.0,8.0,13.0,2.0,10.0,1.0,6.0,18.0,-1.0,13.0,7.0
2016-03-18,4.0,21.0,10.0,20.0,19.0,6.0,12.0,19.0,11.0,10.0,0.0,15.0,9.0,14.0,14.0,20.0,4.0,-4.0,10.0,1.0,9.0,11.0,16.0,3.0,12.0,11.0,14.0,3.0,9.0,7.0,4.0,9.0,1.0,11.0,-2.0,19.0,10.0,20.0,6.0,11.0,-4.0,8.0,-3.0,6.0,21.0,0.0,13.0,2.0
2016-03-19,2.0,21.0,13.0,20.0,20.0,5.0,8.0,20.0,6.0,9.0,-1.0,16.0,6.0,14.0,13.0,20.0,3.0,-3.0,5.0,5.0,15.0,13.0,15.0,4.0,8.0,10.0,12.0,2.0,12.0,5.0,3.0,10.0,3.0,6.0,-5.0,20.0,8.0,21.0,4.0,8.0,-4.0,7.0,-5.0,5.0,20.0,2.0,10.0,0.0
2016-03-20,3.0,19.0,12.0,20.0,20.0,4.0,7.0,19.0,7.0,9.0,-1.0,15.0,6.0,13.0,12.0,20.0,5.0,-2.0,5.0,6.0,14.0,14.0,13.0,3.0,8.0,9.0,10.0,3.0,12.0,6.0,4.0,11.0,2.0,7.0,-2.0,18.0,7.0,20.0,2.0,9.0,-2.0,6.0,0.0,5.0,19.0,4.0,9.0,4.0
2016-03-21,6.0,18.0,11.0,18.0,20.0,6.0,8.0,18.0,8.0,6.0,2.0,15.0,8.0,12.0,11.0,17.0,5.0,-2.0,6.0,3.0,11.0,12.0,13.0,5.0,10.0,9.0,12.0,6.0,10.0,9.0,8.0,10.0,3.0,8.0,1.0,18.0,10.0,18.0,6.0,10.0,-3.0,5.0,-1.0,5.0,16.0,4.0,10.0,5.0
2016-03-22,4.0,18.0,11.0,17.0,15.0,5.0,10.0,16.0,9.0,9.0,5.0,14.0,6.0,10.0,10.0,18.0,2.0,-4.0,7.0,4.0,13.0,11.0,13.0,3.0,10.0,10.0,13.0,2.0,10.0,6.0,5.0,9.0,-2.0,9.0,-3.0,18.0,7.0,16.0,4.0,8.0,-4.0,7.0,-5.0,5.0,17.0,-1.0,10.0,0.0
2016-03-23,3.0,14.0,8.0,14.0,15.0,1.0,4.0,12.0,4.0,6.0,9.0,12.0,3.0,8.0,10.0,14.0,2.0,-3.0,3.0,1.0,11.0,9.0,9.0,0.0,7.0,6.0,10.0,-2.0,8.0,4.0,2.0,8.0,-3.0,4.0,-4.0,15.0,1.0,14.0,-2.0,7.0,-4.0,3.0,-4.0,2.0,14.0,-2.0,7.0,-1.0
2016-03-24,2.0,12.0,4.0,11.0,12.0,1.0,4.0,12.0,3.0,7.0,6.0,10.0,5.0,6.0,6.0,12.0,2.0,-2.0,2.0,3.0,7.0,10.0,9.0,-1.0,4.0,5.0,8.0,-2.0,7.0,5.0,3.0,7.0,-3.0,3.0,-5.0,12.0,2.0,12.0,-1.0,6.0,-4.0,3.0,-4.0,3.0,13.0,-3.0,4.0,0.0
2016-03-25,2.0,11.0,4.0,10.0,10.0,3.0,3.0,9.0,3.0,6.0,4.0,11.0,4.0,6.0,7.0,9.0,3.0,2.0,2.0,-1.0,7.0,9.0,8.0,-2.0,3.0,4.0,6.0,-2.0,5.0,4.0,4.0,7.0,-5.0,3.0,-4.0,12.0,3.0,10.0,1.0,5.0,-3.0,4.0,-2.0,4.0,10.0,-5.0,3.0,2.0
2016-03-26,3.0,10.0,2.0,12.0,12.0,6.0,4.0,10.0,5.0,4.0,5.0,11.0,6.0,8.0,8.0,10.0,5.0,-2.0,5.0,2.0,6.0,8.0,9.0,-2.0,6.0,4.0,7.0,0.0,3.0,7.0,5.0,7.0,-4.0,5.0,-3.0,12.0,6.0,10.0,2.0,8.0,-4.0,4.0,-3.0,5.0,12.0,-4.0,6.0,5.0
2016-03-27,6.0,12.0,6.0,12.0,13.0,10.0,6.0,12.0,7.0,9.0,6.0,12.0,8.0,7.0,6.0,9.0,7.0,2.0,6.0,0.0,8.0,12.0,9.0,1.0,6.0,7.0,8.0,3.0,6.0,10.0,5.0,8.0,-1.0,7.0,4.0,14.0,13.0,14.0,8.0,9.0,2.0,8.0,3.0,8.0,12.0,-2.0,6.0,9.0
2016-03-28,8.0,14.0,11.0,14.0,15.0,10.0,10.0,11.0,9.0,10.0,8.0,14.0,9.0,7.0,9.0,13.0,6.0,1.0,9.0,4.0,14.0,12.0,9.0,2.0,9.0,11.0,8.0,5.0,10.0,10.0,8.0,10.0,0.0,9.0,4.0,16.0,12.0,14.0,9.0,11.0,3.0,12.0,3.0,10.0,15.0,-2.0,10.0,7.0
2016-03-29,7.0,16.0,12.0,17.0,16.0,9.0,13.0,16.0,13.0,11.0,8.0,14.0,9.0,12.0,14.0,17.0,5.0,0.0,12.0,9.0,13.0,10.0,13.0,2.0,13.0,12.0,12.0,4.0,10.0,10.0,7.0,10.0,0.0,13.0,-1.0,17.0,12.0,16.0,8.0,14.0,-1.0,11.0,-1.0,9.0,17.0,1.0,13.0,5.0
2016-03-30,10.0,18.0,8.0,18.0,17.0,12.0,13.0,18.0,13.0,12.0,8.0,12.0,11.0,12.0,11.0,18.0,9.0,2.0,13.0,11.0,11.0,11.0,16.0,5.0,12.0,12.0,14.0,7.0,11.0,12.0,7.0,10.0,4.0,12.0,4.0,18.0,16.0,19.0,12.0,12.0,2.0,12.0,4.0,8.0,19.0,3.0,12.0,10.0
2016-03-31,13.0,19.0,12.0,20.0,18.0,15.0,10.0,19.0,10.0,14.0,10.0,14.0,15.0,12.0,13.0,21.0,9.0,6.0,9.0,11.0,13.0,12.0,15.0,8.0,10.0,13.0,14.0,12.0,11.0,15.0,14.0,10.0,3.0,10.0,10.0,20.0,17.0,20.0,15.0,11.0,12.0,12.0,9.0,10.0,20.0,2.0,11.0,10.0
2016-04-01,9.0,21.0,16.0,22.0,19.0,11.0,14.0,20.0,14.0,14.0,8.0,17.0,12.0,14.0,17.0,21.0,8.0,1.0,12.0,12.0,21.0,13.0,16.0,7.0,13.0,15.0,15.0,8.0,15.0,11.0,11.0,12.0,-1.0,13.0,1.0,20.0,13.0,21.0,10.0,13.0,3.0,15.0,0.0,9.0,21.0,-1.0,14.0,5.0
2016-04-02,5.0,21.0,14.0,22.0,20.0,8.0,13.0,20.0,13.0,10.0,8.0,18.0,10.0,16.0,17.0,20.0,6.0,-1.0,11.0,10.0,14.0,14.0,17.0,5.0,15.0,13.0,17.0,5.0,14.0,9.0,8.0,11.0,-3.0,12.0,-1.0,20.0,9.0,21.0,7.0,12.0,-2.0,12.0,0.0,9.0,21.0,-1.0,14.0,4.0
2016-04-03,4.0,21.0,11.0,21.0,20.0,5.0,10.0,20.0,10.0,8.0,6.0,17.0,8.0,16.0,15.0,20.0,6.0,-2.0,9.0,4.0,12.0,14.0,19.0,3.0,13.0,10.0,18.0,3.0,11.0,8.0,6.0,11.0,-1.0,10.0,0.0,20.0,7.0,20.0,3.0,12.0,-3.0,5.0,3.0,7.0,19.0,-1.0,12.0,8.0
2016-04-04,8.0,20.0,14.0,21.0,22.0,10.0,11.0,22.0,11.0,12.0,7.0,19.0,10.0,14.0,16.0,21.0,8.0,-1.0,9.0,6.0,13.0,16.0,17.0,5.0,11.0,12.0,16.0,6.0,11.0,11.0,8.0,12.0,2.0,10.0,4.0,21.0,12.0,21.0,9.0,11.0,-1.0,11.0,1.0,9.0,22.0,1.0,12.0,9.0
2016-04-05,9.0,21.0,14.0,21.0,22.0,12.0,13.0,21.0,13.0,12.0,6.0,18.0,11.0,15.0,18.0,21.0,9.0,2.0,12.0,10.0,16.0,16.0,18.0,7.0,14.0,13.0,17.0,9.0,12.0,12.0,11.0,14.0,4.0,13.0,5.0,21.0,14.0,22.0,10.0,13.0,2.0,11.0,1.0,9.0,21.0,4.0,14.0,10.0
2016-04-06,9.0,23.0,13.0,23.0,22.0,12.0,12.0,21.0,13.0,11.0,7.0,16.0,12.0,18.0,17.0,22.0,9.0,4.0,12.0,10.0,15.0,12.0,19.0,5.0,16.0,12.0,18.0,10.0,11.0,13.0,12.0,12.0,2.0,13.0,7.0,21.0,12.0,22.0,10.0,13.0,5.0,9.0,5.0,9.0,21.0,0.0,16.0,10.0
2016-04-07,8.0,22.0,13.0,23.0,22.0,12.0,12.0,22.0,12.0,12.0,9.0,18.0,12.0,15.0,15.0,23.0,8.0,-2.0,10.0,8.0,14.0,16.0,19.0,3.0,13.0,12.0,17.0,5.0,13.0,11.0,9.0,13.0,0.0,12.0,-1.0,22.0,12.0,22.0,9.0,13.0,-2.0,12.0,-1.0,10.0,22.0,-2.0,14.0,6.0
2016-04-08,11.0,22.0,14.0,22.0,22.0,11.0,13.0,22.0,13.0,13.0,10.0,17.0,13.0,14.0,15.0,22.0,11.0,-4.0,11.0,7.0,15.0,16.0,18.0,5.0,12.0,14.0,16.0,7.0,11.0,13.0,10.0,14.0,2.0,13.0,1.0,22.0,15.0,22.0,10.0,14.0,-4.0,13.0,-3.0,12.0,22.0,2.0,14.0,7.0
2016-04-09,9.0,22.0,16.0,22.0,23.0,9.0,14.0,23.0,13.0,14.0,7.0,16.0,12.0,14.0,16.0,22.0,8.0,-3.0,12.0,9.0,16.0,13.0,18.0,5.0,14.0,14.0,16.0,6.0,13.0,10.0,8.0,12.0,3.0,13.0,0.0,21.0,15.0,22.0,9.0,14.0,-5.0,14.0,-5.0,11.0,22.0,2.0,14.0,4.0
2016-04-10,6.0,21.0,15.0,20.0,22.0,7.0,12.0,20.0,11.0,11.0,6.0,17.0,8.0,14.0,17.0,21.0,6.0,-3.0,10.0,14.0,17.0,14.0,17.0,8.0,13.0,14.0,16.0,3.0,14.0,8.0,5.0,13.0,9.0,11.0,-4.0,20.0,10.0,21.0,5.0,14.0,-4.0,11.0,-4.0,9.0,21.0,7.0,12.0,3.0
2016-04-11,8.0,21.0,15.0,22.0,21.0,11.0,14.0,21.0,13.0,13.0,5.0,18.0,12.0,16.0,16.0,21.0,7.0,2.0,11.0,10.0,15.0,14.0,17.0,10.0,14.0,14.0,16.0,8.0,15.0,9.0,8.0,12.0,6.0,13.0,4.0,21.0,14.0,21.0,10.0,15.0,2.0,13.0,2.0,9.0,20.0,7.0,14.0,8.0
2016-04-12,9.0,20.0,16.0,21.0,23.0,10.0,16.0,20.0,15.0,15.0,8.0,17.0,14.0,16.0,18.0,21.0,8.0,-2.0,13.0,12.0,18.0,16.0,18.0,4.0,17.0,15.0,17.0,7.0,15.0,10.0,8.0,14.0,3.0,14.0,5.0,21.0,14.0,20.0,11.0,15.0,-2.0,14.0,0.0,10.0,19.0,5.0,17.0,8.0
2016-04-13,10.0,22.0,16.0,22.0,24.0,13.0,17.0,22.0,16.0,16.0,8.0,19.0,14.0,16.0,18.0,22.0,9.0,1.0,14.0,15.0,18.0,16.0,19.0,6.0,14.0,16.0,17.0,7.0,13.0,11.0,10.0,13.0,4.0,15.0,3.0,22.0,15.0,22.0,11.0,15.0,1.0,14.0,3.0,10.0,22.0,4.0,16.0,8.0
2016-04-14,9.0,23.0,16.0,24.0,24.0,11.0,16.0,23.0,14.0,14.0,6.0,18.0,14.0,16.0,19.0,23.0,8.0,4.0,13.0,9.0,20.0,15.0,18.0,10.0,14.0,17.0,15.0,8.0,14.0,12.0,10.0,12.0,7.0,14.0,2.0,22.0,18.0,23.0,11.0,15.0,4.0,14.0,4.0,9.0,23.0,9.0,16.0,10.0
2016-04-15,10.0,23.0,17.0,23.0,24.0,11.0,16.0,22.0,17.0,14.0,6.0,16.0,12.0,16.0,18.0,23.0,9.0,5.0,15.0,10.0,19.0,14.0,18.0,7.0,17.0,17.0,16.0,13.0,12.0,15.0,13.0,12.0,1.0,17.0,11.0,23.0,14.0,22.0,11.0,16.0,6.0,13.0,9.0,10.0,21.0,1.0,17.0,12.0
2016-04-16,8.0,24.0,12.0,24.0,24.0,9.0,12.0,22.0,12.0,12.0,4.0,15.0,10.0,16.0,15.0,23.0,7.0,3.0,12.0,9.0,14.0,14.0,18.0,4.0,16.0,10.0,16.0,6.0,9.0,11.0,11.0,13.0,1.0,14.0,6.0,23.0,10.0,23.0,8.0,15.0,3.0,9.0,4.0,9.0,23.0,0.0,14.0,8.0
2016-04-17,8.0,21.0,10.0,20.0,19.0,10.0,11.0,19.0,12.0,11.0,11.0,14.0,9.0,14.0,14.0,20.0,8.0,0.0,10.0,6.0,11.0,10.0,17.0,4.0,12.0,11.0,15.0,6.0,9.0,10.0,10.0,9.0,-2.0,12.0,0.0,19.0,11.0,20.0,8.0,13.0,0.0,11.0,2.0,10.0,21.0,-2.0,12.0,4.0
2016-04-18,7.0,20.0,14.0,18.0,17.0,10.0,12.0,20.0,12.0,11.0,10.0,14.0,10.0,12.0,13.0,19.0,7.0,2.0,11.0,8.0,13.0,11.0,15.0,7.0,10.0,12.0,13.0,5.0,12.0,12.0,8.0,11.0,3.0,12.0,2.0,22.0,11.0,20.0,7.0,13.0,0.0,12.0,2.0,9.0,21.0,1.0,12.0,8.0
2016-04-19,11.0,22.0,17.0,22.0,22.0,14.0,15.0,20.0,15.0,16.0,10.0,18.0,12.0,16.0,20.0,21.0,8.0,7.0,14.0,10.0,18.0,16.0,17.0,9.0,15.0,16.0,16.0,10.0,13.0,11.0,9.0,13.0,6.0,14.0,7.0,21.0,17.0,21.0,14.0,15.0,8.0,15.0,6.0,10.0,20.0,4.0,16.0,10.0
2016-04-20,11.0,22.0,15.0,22.0,22.0,12.0,15.0,22.0,16.0,13.0,12.0,15.0,14.0,18.0,19.0,21.0,9.0,9.0,15.0,14.0,17.0,14.0,21.0,8.0,17.0,15.0,21.0,10.0,13.0,14.0,10.0,12.0,5.0,16.0,9.0,22.0,14.0,21.0,11.0,16.0,8.0,13.0,8.0,11.0,22.0,5.0,16.0,12.0
2016-04-21,10.0,23.0,16.0,23.0,22.0,14.0,15.0,22.0,15.0,14.0,13.0,16.0,15.0,17.0,17.0,22.0,9.0,5.0,14.0,11.0,17.0,14.0,21.0,7.0,14.0,16.0,21.0,9.0,13.0,14.0,15.0,12.0,2.0,15.0,5.0,23.0,16.0,22.0,13.0,16.0,4.0,16.0,4.0,13.0,22.0,3.0,15.0,9.0
2016-04-22,9.0,22.0,17.0,21.0,19.0,13.0,15.0,23.0,14.0,14.0,12.0,16.0,13.0,17.0,18.0,21.0,9.0,2.0,15.0,14.0,18.0,14.0,21.0,11.0,16.0,17.0,20.0,8.0,14.0,12.0,10.0,11.0,2.0,15.0,6.0,20.0,17.0,21.0,13.0,15.0,4.0,17.0,4.0,11.0,21.0,4.0,15.0,8.0
2016-04-23,10.0,21.0,15.0,21.0,22.0,13.0,14.0,21.0,13.0,13.0,11.0,17.0,12.0,16.0,17.0,21.0,11.0,0.0,13.0,12.0,17.0,14.0,21.0,9.0,14.0,14.0,18.0,7.0,15.0,11.0,8.0,11.0,6.0,13.0,3.0,20.0,14.0,21.0,13.0,13.0,1.0,12.0,3.0,11.0,21.0,7.0,13.0,10.0
2016-04-24,13.0,22.0,15.0,23.0,22.0,15.0,13.0,22.0,14.0,12.0,10.0,16.0,16.0,16.0,16.0,21.0,12.0,3.0,12.0,11.0,17.0,14.0,19.0,10.0,14.0,14.0,18.0,12.0,14.0,14.0,16.0,13.0,10.0,13.0,9.0,23.0,17.0,22.0,13.0,15.0,3.0,12.0,4.0,11.0,22.0,11.0,14.0,12.0
2016-04-25,12.0,24.0,16.0,23.0,21.0,15.0,14.0,23.0,14.0,15.0,11.0,16.0,16.0,17.0,17.0,23.0,12.0,5.0,13.0,10.0,17.0,15.0,19.0,13.0,14.0,14.0,18.0,12.0,15.0,15.0,14.0,12.0,10.0,14.0,6.0,22.0,17.0,23.0,13.0,14.0,1.0,15.0,5.0,12.0,23.0,12.0,14.0,11.0
2016-04-26,11.0,23.0,16.0,23.0,21.0,13.0,12.0,24.0,12.0,15.0,12.0,16.0,14.0,17.0,18.0,23.0,12.0,5.0,12.0,14.0,16.0,14.0,21.0,11.0,15.0,14.0,20.0,10.0,16.0,12.0,13.0,13.0,9.0,13.0,6.0,23.0,12.0,22.0,11.0,14.0,2.0,12.0,6.0,13.0,23.0,8.0,14.0,11.0
2016-04-27,11.0,22.0,14.0,24.0,21.0,13.0,11.0,21.0,12.0,13.0,12.0,19.0,12.0,16.0,15.0,22.0,12.0,4.0,12.0,11.0,17.0,15.0,21.0,7.0,14.0,12.0,18.0,12.0,15.0,14.0,12.0,14.0,8.0,12.0,7.0,23.0,14.0,22.0,12.0,14.0,5.0,13.0,4.0,12.0,23.0,9.0,13.0,10.0
2016-04-28,9.0,22.0,16.0,22.0,21.0,12.0,12.0,21.0,12.0,12.0,13.0,20.0,14.0,15.0,16.0,22.0,12.0,5.0,10.0,8.0,18.0,15.0,19.0,8.0,12.0,15.0,16.0,11.0,14.0,15.0,13.0,13.0,11.0,13.0,5.0,23.0,15.0,22.0,11.0,14.0,4.0,11.0,4.0,12.0,22.0,11.0,13.0,9.0
2016-04-29,15.0,22.0,18.0,23.0,22.0,20.0,15.0,21.0,15.0,18.0,9.0,20.0,18.0,15.0,18.0,22.0,12.0,8.0,14.0,11.0,18.0,16.0,19.0,13.0,13.0,17.0,16.0,16.0,15.0,17.0,15.0,15.0,10.0,15.0,9.0,24.0,21.0,23.0,19.0,17.0,8.0,16.0,9.0,15.0,23.0,11.0,15.0,11.0
2016-04-30,19.0,23.0,19.0,23.0,21.0,21.0,17.0,22.0,17.0,20.0,6.0,19.0,21.0,16.0,20.0,22.0,14.0,10.0,16.0,12.0,19.0,16.0,17.0,14.0,16.0,18.0,18.0,17.0,18.0,20.0,15.0,14.0,12.0,17.0,12.0,23.0,24.0,22.0,20.0,17.0,9.0,18.0,11.0,15.0,23.0,15.0,17.0,18.0
2016-05-01,15.0,24.0,20.0,22.0,24.0,15.0,20.0,22.0,20.0,19.0,11.0,20.0,19.0,18.0,21.0,23.0,12.0,11.0,19.0,15.0,22.0,17.0,20.0,13.0,19.0,21.0,19.0,15.0,20.0,18.0,17.0,14.0,7.0,20.0,15.0,23.0,15.0,22.0,15.0,19.0,13.0,18.0,13.0,14.0,23.0,6.0,21.0,17.0
2016-05-02,10.0,24.0,15.0,23.0,24.0,12.0,16.0,24.0,17.0,16.0,10.0,20.0,14.0,20.0,19.0,24.0,9.0,9.0,17.0,17.0,17.0,18.0,22.0,8.0,21.0,15.0,23.0,9.0,13.0,11.0,10.0,13.0,4.0,17.0,8.0,24.0,12.0,23.0,11.0,19.0,8.0,13.0,8.0,12.0,23.0,5.0,18.0,11.0
2016-05-03,11.0,24.0,17.0,23.0,24.0,13.0,14.0,23.0,16.0,17.0,10.0,21.0,15.0,18.0,18.0,24.0,9.0,9.0,14.0,10.0,19.0,18.0,21.0,9.0,15.0,15.0,20.0,10.0,16.0,14.0,10.0,13.0,6.0,15.0,7.0,26.0,14.0,24.0,10.0,18.0,6.0,13.0,6.0,12.0,24.0,7.0,16.0,8.0
2016-05-04,14.0,24.0,21.0,24.0,24.0,19.0,19.0,24.0,20.0,20.0,10.0,23.0,18.0,21.0,21.0,24.0,13.0,7.0,19.0,14.0,23.0,19.0,22.0,14.0,19.0,21.0,21.0,13.0,20.0,17.0,15.0,13.0,10.0,20.0,7.0,24.0,21.0,24.0,18.0,20.0,5.0,20.0,6.0,16.0,24.0,9.0,20.0,12.0
2016-05-05,13.0,26.0,20.0,25.0,25.0,16.0,20.0,24.0,20.0,20.0,11.0,24.0,14.0,22.0,21.0,24.0,10.0,9.0,17.0,19.0,22.0,19.0,23.0,8.0,22.0,20.0,23.0,10.0,20.0,15.0,14.0,13.0,2.0,20.0,9.0,25.0,16.0,25.0,14.0,20.0,10.0,19.0,9.0,15.0,25.0,3.0,22.0,8.0
2016-05-06,12.0,27.0,19.0,26.0,25.0,14.0,18.0,24.0,18.0,16.0,10.0,22.0,13.0,21.0,20.0,26.0,12.0,7.0,16.0,11.0,22.0,19.0,23.0,8.0,18.0,17.0,22.0,9.0,17.0,14.0,12.0,13.0,3.0,17.0,9.0,26.0,15.0,26.0,13.0,18.0,6.0,13.0,7.0,13.0,26.0,6.0,19.0,10.0
2016-05-07,11.0,25.0,16.0,26.0,25.0,14.0,14.0,24.0,14.0,15.0,10.0,18.0,16.0,21.0,20.0,25.0,12.0,8.0,15.0,11.0,16.0,16.0,24.0,10.0,16.0,15.0,23.0,10.0,11.0,15.0,12.0,14.0,7.0,14.0,6.0,26.0,16.0,25.0,13.0,15.0,6.0,16.0,7.0,14.0,26.0,9.0,14.0,13.0
2016-05-08,14.0,26.0,15.0,25.0,24.0,15.0,15.0,25.0,15.0,14.0,10.0,17.0,15.0,19.0,18.0,25.0,13.0,10.0,15.0,13.0,14.0,16.0,24.0,13.0,14.0,15.0,23.0,13.0,14.0,17.0,15.0,14.0,10.0,15.0,9.0,26.0,16.0,25.0,13.0,16.0,9.0,16.0,10.0,13.0,26.0,12.0,16.0,13.0
2016-05-09,11.0,24.0,15.0,23.0,24.0,12.0,14.0,23.0,14.0,12.0,12.0,16.0,14.0,20.0,17.0,24.0,13.0,9.0,14.0,16.0,15.0,16.0,24.0,11.0,18.0,15.0,23.0,12.0,18.0,16.0,12.0,14.0,8.0,14.0,9.0,24.0,11.0,23.0,10.0,16.0,9.0,11.0,8.0,12.0,24.0,10.0,17.0,13.0
2016-05-10,12.0,23.0,16.0,23.0,20.0,14.0,13.0,21.0,13.0,17.0,8.0,20.0,17.0,18.0,17.0,22.0,14.0,12.0,11.0,15.0,15.0,18.0,21.0,15.0,13.0,13.0,19.0,15.0,18.0,20.0,17.0,15.0,13.0,12.0,10.0,24.0,17.0,22.0,13.0,14.0,10.0,14.0,10.0,14.0,23.0,15.0,13.0,15.0
2016-05-11,16.0,23.0,18.0,24.0,22.0,16.0,15.0,22.0,16.0,21.0,10.0,23.0,19.0,17.0,18.0,22.0,12.0,9.0,15.0,14.0,18.0,19.0,18.0,17.0,15.0,18.0,17.0,15.0,21.0,19.0,19.0,15.0,9.0,16.0,9.0,23.0,13.0,23.0,14.0,16.0,7.0,18.0,9.0,14.0,23.0,7.0,15.0,12.0
2016-05-12,10.0,24.0,18.0,24.0,23.0,9.0,17.0,23.0,17.0,14.0,10.0,20.0,11.0,18.0,20.0,24.0,10.0,5.0,16.0,19.0,20.0,16.0,20.0,6.0,18.0,17.0,19.0,7.0,16.0,12.0,9.0,14.0,3.0,17.0,5.0,24.0,10.0,23.0,9.0,18.0,5.0,12.0,5.0,12.0,24.0,4.0,19.0,6.0
2016-05-13,12.0,24.0,19.0,24.0,23.0,15.0,15.0,23.0,15.0,14.0,11.0,19.0,14.0,19.0,20.0,24.0,12.0,13.0,14.0,20.0,21.0,18.0,23.0,9.0,17.0,17.0,20.0,12.0,13.0,14.0,13.0,14.0,8.0,16.0,10.0,24.0,14.0,24.0,13.0,17.0,12.0,15.0,11.0,12.0,24.0,9.0,17.0,13.0
2016-05-14,11.0,25.0,15.0,24.0,22.0,11.0,15.0,24.0,16.0,12.0,16.0,15.0,11.0,20.0,18.0,24.0,10.0,9.0,15.0,20.0,16.0,15.0,22.0,7.0,20.0,16.0,22.0,11.0,10.0,11.0,11.0,12.0,5.0,16.0,9.0,24.0,10.0,23.0,11.0,17.0,10.0,13.0,9.0,13.0,24.0,4.0,18.0,10.0
2016-05-15,10.0,21.0,12.0,20.0,16.0,12.0,12.0,20.0,12.0,13.0,16.0,16.0,14.0,18.0,15.0,20.0,11.0,8.0,13.0,18.0,13.0,13.0,20.0,6.0,15.0,12.0,19.0,8.0,12.0,13.0,10.0,12.0,5.0,13.0,5.0,22.0,12.0,20.0,9.0,14.0,7.0,10.0,5.0,10.0,22.0,6.0,14.0,9.0
2016-05-16,16.0,21.0,14.0,21.0,16.0,15.0,13.0,20.0,14.0,16.0,14.0,18.0,18.0,14.0,16.0,20.0,15.0,10.0,13.0,13.0,14.0,14.0,18.0,10.0,12.0,13.0,17.0,14.0,15.0,18.0,15.0,14.0,9.0,13.0,11.0,22.0,19.0,21.0,16.0,15.0,7.0,14.0,8.0,14.0,22.0,10.0,12.0,17.0
2016-05-17,18.0,22.0,15.0,22.0,15.0,16.0,14.0,21.0,14.0,16.0,9.0,20.0,18.0,16.0,19.0,21.0,16.0,16.0,13.0,9.0,17.0,17.0,18.0,12.0,13.0,15.0,16.0,15.0,18.0,20.0,17.0,15.0,12.0,14.0,15.0,24.0,20.0,22.0,14.0,16.0,15.0,14.0,17.0,14.0,22.0,15.0,13.0,20.0
2016-05-18,16.0,24.0,19.0,24.0,24.0,17.0,15.0,22.0,15.0,16.0,7.0,20.0,17.0,17.0,20.0,23.0,15.0,21.0,14.0,10.0,20.0,17.0,20.0,13.0,15.0,16.0,19.0,15.0,19.0,19.0,18.0,14.0,13.0,15.0,14.0,24.0,16.0,23.0,13.0,17.0,17.0,13.0,18.0,14.0,24.0,14.0,15.0,19.0
2016-05-19,14.0,24.0,18.0,25.0,24.0,16.0,18.0,23.0,18.0,17.0,7.0,18.0,17.0,19.0,20.0,24.0,15.0,18.0,16.0,16.0,19.0,18.0,20.0,13.0,18.0,18.0,20.0,14.0,18.0,19.0,15.0,15.0,13.0,18.0,12.0,24.0,16.0,23.0,13.0,19.0,19.0,16.0,17.0,15.0,24.0,16.0,18.0,19.0
2016-05-20,15.0,24.0,17.0,22.0,22.0,16.0,17.0,22.0,17.0,17.0,9.0,19.0,18.0,20.0,19.0,22.0,16.0,16.0,18.0,17.0,19.0,18.0,21.0,12.0,18.0,16.0,20.0,14.0,18.0,18.0,16.0,16.0,12.0,17.0,10.0,22.0,17.0,22.0,12.0,19.0,17.0,17.0,15.0,15.0,23.0,13.0,18.0,17.0
2016-05-21,16.0,23.0,18.0,24.0,21.0,16.0,17.0,23.0,17.0,17.0,10.0,20.0,17.0,20.0,18.0,24.0,17.0,12.0,17.0,21.0,18.0,18.0,21.0,13.0,19.0,16.0,21.0,14.0,19.0,18.0,15.0,15.0,12.0,17.0,12.0,24.0,16.0,23.0,14.0,19.0,11.0,16.0,13.0,16.0,24.0,11.0,19.0,17.0
2016-05-22,16.0,24.0,17.0,24.0,21.0,17.0,16.0,23.0,16.0,19.0,11.0,19.0,19.0,21.0,19.0,23.0,15.0,12.0,17.0,18.0,18.0,17.0,23.0,13.0,19.0,17.0,22.0,15.0,16.0,19.0,18.0,17.0,7.0,17.0,14.0,25.0,19.0,24.0,16.0,19.0,12.0,17.0,12.0,17.0,24.0,8.0,18.0,15.0
2016-05-23,13.0,24.0,18.0,24.0,22.0,16.0,16.0,23.0,18.0,16.0,9.0,18.0,16.0,21.0,21.0,24.0,13.0,12.0,18.0,20.0,19.0,16.0,22.0,8.0,20.0,18.0,21.0,13.0,15.0,18.0,13.0,14.0,4.0,18.0,13.0,25.0,15.0,24.0,14.0,20.0,13.0,17.0,12.0,16.0,25.0,7.0,20.0,12.0
2016-05-24,17.0,26.0,18.0,25.0,21.0,18.0,17.0,24.0,19.0,19.0,10.0,21.0,18.0,21.0,21.0,24.0,15.0,11.0,17.0,15.0,19.0,20.0,23.0,12.0,18.0,18.0,22.0,15.0,16.0,17.0,17.0,14.0,7.0,18.0,14.0,25.0,21.0,25.0,17.0,19.0,12.0,18.0,11.0,17.0,25.0,5.0,17.0,16.0
2016-05-25,17.0,26.0,19.0,26.0,23.0,17.0,21.0,25.0,21.0,19.0,18.0,18.0,18.0,20.0,20.0,26.0,17.0,11.0,20.0,18.0,18.0,15.0,22.0,10.0,22.0,21.0,22.0,15.0,13.0,18.0,17.0,16.0,7.0,21.0,15.0,26.0,18.0,26.0,15.0,22.0,12.0,20.0,13.0,17.0,25.0,8.0,23.0,16.0
2016-05-26,16.0,25.0,16.0,25.0,25.0,17.0,19.0,24.0,20.0,17.0,18.0,16.0,18.0,22.0,22.0,25.0,16.0,10.0,20.0,18.0,18.0,15.0,24.0,12.0,22.0,18.0,23.0,14.0,13.0,18.0,16.0,16.0,9.0,21.0,11.0,25.0,19.0,25.0,15.0,20.0,9.0,16.0,11.0,19.0,25.0,10.0,21.0,15.0
2016-05-27,16.0,25.0,17.0,25.0,26.0,17.0,19.0,25.0,19.0,14.0,15.0,17.0,15.0,24.0,22.0,25.0,17.0,13.0,18.0,16.0,17.0,16.0,25.0,10.0,22.0,18.0,25.0,15.0,13.0,19.0,18.0,16.0,10.0,19.0,15.0,25.0,17.0,25.0,16.0,19.0,13.0,15.0,17.0,17.0,25.0,12.0,21.0,20.0
2016-05-28,16.0,25.0,18.0,25.0,26.0,16.0,19.0,25.0,19.0,18.0,14.0,18.0,17.0,25.0,22.0,25.0,17.0,13.0,18.0,16.0,18.0,18.0,25.0,12.0,21.0,19.0,25.0,15.0,15.0,20.0,18.0,17.0,11.0,20.0,14.0,26.0,16.0,26.0,15.0,20.0,14.0,15.0,15.0,18.0,26.0,11.0,22.0,17.0
2016-05-29,16.0,26.0,20.0,26.0,25.0,18.0,17.0,25.0,17.0,19.0,15.0,20.0,19.0,22.0,20.0,26.0,17.0,10.0,17.0,16.0,19.0,18.0,25.0,16.0,20.0,18.0,24.0,16.0,18.0,20.0,18.0,16.0,13.0,18.0,12.0,26.0,19.0,26.0,17.0,19.0,10.0,15.0,11.0,16.0,26.0,15.0,20.0,18.0
2016-05-30,18.0,27.0,24.0,28.0,26.0,20.0,21.0,26.0,21.0,21.0,15.0,23.0,22.0,22.0,24.0,26.0,17.0,10.0,19.0,18.0,24.0,20.0,25.0,16.0,21.0,22.0,25.0,19.0,21.0,21.0,22.0,18.0,16.0,20.0,10.0,28.0,23.0,27.0,20.0,20.0,10.0,19.0,10.0,16.0,28.0,16.0,21.0,16.0
2016-05-31,17.0,27.0,24.0,26.0,27.0,18.0,20.0,26.0,20.0,20.0,16.0,24.0,19.0,23.0,25.0,26.0,16.0,14.0,19.0,18.0,26.0,22.0,26.0,16.0,20.0,22.0,25.0,14.0,22.0,15.0,17.0,18.0,14.0,20.0,11.0,27.0,20.0,27.0,19.0,20.0,12.0,19.0,11.0,17.0,27.0,18.0,22.0,16.0
2016-06-01,16.0,28.0,18.0,28.0,26.0,16.0,17.0,26.0,17.0,19.0,18.0,22.0,19.0,21.0,21.0,27.0,18.0,15.0,17.0,17.0,21.0,21.0,26.0,16.0,19.0,18.0,23.0,15.0,17.0,20.0,18.0,18.0,15.0,17.0,13.0,28.0,18.0,27.0,15.0,18.0,14.0,17.0,13.0,17.0,28.0,18.0,19.0,18.0
2016-06-02,18.0,28.0,17.0,28.0,26.0,18.0,19.0,27.0,19.0,17.0,19.0,20.0,20.0,19.0,20.0,27.0,18.0,16.0,18.0,18.0,18.0,20.0,25.0,15.0,20.0,18.0,23.0,16.0,14.0,20.0,18.0,17.0,14.0,19.0,17.0,28.0,21.0,28.0,19.0,19.0,14.0,19.0,15.0,17.0,28.0,13.0,19.0,22.0
2016-06-03,17.0,27.0,17.0,27.0,25.0,19.0,17.0,27.0,17.0,17.0,19.0,22.0,19.0,21.0,19.0,26.0,17.0,14.0,18.0,19.0,17.0,20.0,25.0,14.0,20.0,19.0,25.0,18.0,18.0,20.0,19.0,16.0,11.0,17.0,17.0,28.0,17.0,25.0,17.0,19.0,14.0,15.0,16.0,17.0,28.0,13.0,20.0,20.0
2016-06-04,16.0,25.0,19.0,23.0,24.0,17.0,16.0,24.0,16.0,20.0,18.0,23.0,18.0,22.0,20.0,23.0,17.0,19.0,16.0,18.0,19.0,19.0,24.0,15.0,19.0,18.0,23.0,15.0,21.0,20.0,19.0,17.0,12.0,17.0,14.0,25.0,18.0,23.0,16.0,19.0,13.0,17.0,16.0,16.0,26.0,14.0,17.0,19.0
2016-06-05,17.0,24.0,22.0,24.0,24.0,18.0,19.0,24.0,19.0,19.0,19.0,23.0,17.0,22.0,22.0,24.0,17.0,16.0,17.0,16.0,22.0,21.0,24.0,14.0,20.0,20.0,22.0,17.0,21.0,20.0,18.0,17.0,11.0,18.0,14.0,25.0,18.0,24.0,17.0,20.0,17.0,18.0,18.0,17.0,25.0,14.0,20.0,19.0
2016-06-06,17.0,24.0,20.0,25.0,26.0,19.0,19.0,25.0,21.0,20.0,20.0,24.0,19.0,22.0,24.0,24.0,17.0,12.0,18.0,16.0,26.0,20.0,24.0,15.0,21.0,20.0,24.0,18.0,22.0,20.0,19.0,17.0,11.0,20.0,16.0,26.0,19.0,23.0,18.0,20.0,12.0,18.0,14.0,17.0,25.0,14.0,21.0,18.0
2016-06-07,17.0,25.0,21.0,26.0,25.0,19.0,21.0,25.0,21.0,19.0,21.0,23.0,19.0,23.0,24.0,25.0,17.0,13.0,19.0,18.0,25.0,21.0,24.0,14.0,23.0,20.0,24.0,15.0,20.0,18.0,16.0,16.0,13.0,22.0,13.0,25.0,19.0,25.0,18.0,21.0,14.0,19.0,13.0,17.0,26.0,13.0,21.0,17.0
2016-06-08,17.0,24.0,21.0,25.0,25.0,19.0,19.0,25.0,19.0,21.0,22.0,23.0,21.0,23.0,23.0,24.0,18.0,13.0,19.0,21.0,24.0,20.0,24.0,15.0,22.0,20.0,24.0,17.0,21.0,21.0,19.0,17.0,13.0,20.0,15.0,25.0,20.0,25.0,19.0,21.0,13.0,19.0,14.0,17.0,25.0,16.0,22.0,20.0
2016-06-09,20.0,25.0,22.0,26.0,25.0,22.0,20.0,25.0,20.0,22.0,23.0,22.0,23.0,24.0,24.0,25.0,18.0,15.0,19.0,19.0,24.0,20.0,25.0,17.0,22.0,20.0,25.0,21.0,22.0,24.0,22.0,17.0,13.0,20.0,18.0,25.0,25.0,25.0,21.0,21.0,15.0,20.0,18.0,17.0,26.0,14.0,21.0,22.0
2016-06-10,19.0,25.0,23.0,25.0,26.0,22.0,22.0,25.0,22.0,23.0,23.0,20.0,22.0,24.0,25.0,25.0,18.0,13.0,21.0,22.0,25.0,19.0,25.0,16.0,23.0,23.0,25.0,18.0,23.0,21.0,20.0,17.0,10.0,22.0,18.0,26.0,21.0,25.0,21.0,22.0,16.0,21.0,16.0,18.0,26.0,13.0,23.0,18.0
2016-06-11,17.0,26.0,20.0,26.0,27.0,20.0,23.0,25.0,24.0,21.0,23.0,21.0,19.0,24.0,24.0,25.0,17.0,13.0,22.0,22.0,23.0,21.0,26.0,16.0,23.0,22.0,25.0,17.0,22.0,20.0,18.0,17.0,13.0,23.0,12.0,26.0,20.0,25.0,18.0,23.0,14.0,22.0,12.0,18.0,26.0,15.0,23.0,17.0
2016-06-12,17.0,27.0,22.0,27.0,25.0,20.0,20.0,26.0,21.0,21.0,23.0,21.0,21.0,24.0,23.0,26.0,18.0,13.0,20.0,20.0,24.0,20.0,26.0,16.0,22.0,21.0,25.0,19.0,21.0,22.0,20.0,17.0,12.0,21.0,14.0,28.0,21.0,27.0,19.0,21.0,13.0,22.0,13.0,18.0,27.0,16.0,21.0,18.0
2016-06-13,19.0,27.0,23.0,26.0,26.0,21.0,22.0,25.0,22.0,24.0,24.0,24.0,21.0,22.0,23.0,26.0,19.0,13.0,21.0,17.0,24.0,22.0,25.0,16.0,21.0,22.0,24.0,17.0,22.0,19.0,18.0,17.0,13.0,21.0,17.0,27.0,19.0,26.0,20.0,21.0,14.0,23.0,14.0,18.0,26.0,13.0,21.0,20.0
2016-06-14,18.0,27.0,24.0,27.0,27.0,19.0,25.0,26.0,24.0,22.0,24.0,23.0,18.0,23.0,23.0,26.0,17.0,16.0,24.0,17.0,20.0,22.0,26.0,14.0,23.0,25.0,24.0,17.0,20.0,17.0,18.0,17.0,11.0,25.0,16.0,27.0,18.0,26.0,18.0,24.0,15.0,20.0,15.0,20.0,28.0,12.0,25.0,16.0
2016-06-15,17.0,28.0,20.0,26.0,24.0,19.0,21.0,26.0,21.0,20.0,21.0,20.0,21.0,22.0,21.0,25.0,18.0,16.0,21.0,17.0,20.0,17.0,26.0,13.0,22.0,20.0,25.0,16.0,20.0,20.0,17.0,16.0,11.0,22.0,14.0,28.0,18.0,28.0,17.0,22.0,16.0,17.0,16.0,18.0,28.0,13.0,21.0,16.0
2016-06-16,22.0,26.0,20.0,26.0,22.0,23.0,21.0,25.0,21.0,23.0,21.0,23.0,24.0,21.0,21.0,25.0,20.0,16.0,20.0,18.0,20.0,20.0,26.0,16.0,19.0,21.0,24.0,20.0,22.0,24.0,22.0,16.0,14.0,21.0,19.0,27.0,26.0,26.0,22.0,21.0,15.0,22.0,15.0,20.0,27.0,15.0,20.0,22.0
2016-06-17,22.0,26.0,23.0,26.0,25.0,23.0,22.0,25.0,22.0,24.0,16.0,25.0,24.0,22.0,24.0,26.0,20.0,16.0,21.0,20.0,25.0,23.0,25.0,17.0,22.0,22.0,24.0,20.0,24.0,22.0,20.0,17.0,13.0,23.0,17.0,27.0,26.0,26.0,23.0,23.0,17.0,23.0,17.0,20.0,27.0,15.0,22.0,20.0
2016-06-18,20.0,27.0,25.0,27.0,26.0,22.0,24.0,26.0,24.0,24.0,17.0,25.0,24.0,24.0,25.0,26.0,20.0,16.0,24.0,21.0,27.0,23.0,25.0,19.0,24.0,25.0,24.0,19.0,26.0,22.0,20.0,18.0,15.0,25.0,18.0,28.0,24.0,27.0,23.0,25.0,17.0,24.0,17.0,20.0,28.0,16.0,24.0,21.0
2016-06-19,21.0,28.0,23.0,27.0,26.0,24.0,25.0,27.0,25.0,25.0,15.0,23.0,24.0,24.0,25.0,27.0,21.0,16.0,25.0,22.0,28.0,23.0,26.0,19.0,26.0,25.0,25.0,22.0,26.0,25.0,23.0,18.0,16.0,25.0,17.0,28.0,23.0,27.0,23.0,26.0,16.0,24.0,16.0,20.0,28.0,18.0,23.0,21.0
2016-06-20,21.0,28.0,25.0,28.0,26.0,24.0,24.0,26.0,24.0,25.0,14.0,25.0,25.0,25.0,26.0,27.0,19.0,19.0,24.0,21.0,28.0,23.0,26.0,19.0,26.0,24.0,26.0,22.0,27.0,22.0,22.0,18.0,14.0,25.0,19.0,28.0,23.0,27.0,23.0,24.0,19.0,25.0,20.0,21.0,28.0,17.0,25.0,22.0
2016-06-21,21.0,27.0,26.0,27.0,25.0,24.0,26.0,25.0,25.0,26.0,17.0,26.0,25.0,26.0,28.0,27.0,19.0,18.0,25.0,24.0,29.0,24.0,26.0,18.0,26.0,26.0,26.0,23.0,26.0,26.0,24.0,18.0,16.0,26.0,20.0,28.0,26.0,27.0,23.0,25.0,19.0,25.0,19.0,20.0,28.0,17.0,26.0,21.0
2016-06-22,21.0,27.0,27.0,28.0,26.0,24.0,25.0,26.0,26.0,25.0,16.0,27.0,25.0,26.0,28.0,27.0,19.0,17.0,24.0,26.0,29.0,24.0,27.0,20.0,27.0,26.0,26.0,23.0,24.0,25.0,23.0,18.0,16.0,25.0,20.0,28.0,22.0,27.0,22.0,25.0,18.0,24.0,18.0,20.0,28.0,16.0,26.0,21.0
2016-06-23,20.0,26.0,26.0,27.0,26.0,20.0,24.0,26.0,24.0,21.0,14.0,24.0,22.0,26.0,28.0,27.0,19.0,15.0,24.0,23.0,29.0,23.0,27.0,15.0,27.0,23.0,27.0,19.0,20.0,22.0,21.0,18.0,12.0,24.0,17.0,28.0,19.0,27.0,18.0,26.0,16.0,22.0,13.0,20.0,28.0,14.0,27.0,18.0
2016-06-24,19.0,27.0,20.0,27.0,26.0,20.0,21.0,25.0,21.0,21.0,15.0,21.0,22.0,26.0,26.0,28.0,19.0,15.0,21.0,22.0,23.0,22.0,27.0,15.0,22.0,19.0,27.0,18.0,21.0,23.0,22.0,18.0,12.0,21.0,15.0,28.0,19.0,27.0,19.0,20.0,14.0,20.0,13.0,20.0,28.0,13.0,22.0,18.0
2016-06-25,20.0,27.0,19.0,28.0,26.0,21.0,19.0,26.0,20.0,21.0,16.0,21.0,23.0,24.0,24.0,26.0,20.0,16.0,19.0,21.0,21.0,19.0,27.0,16.0,20.0,20.0,26.0,20.0,21.0,25.0,22.0,18.0,14.0,20.0,15.0,28.0,21.0,27.0,20.0,19.0,15.0,22.0,15.0,21.0,28.0,17.0,21.0,20.0
2016-06-26,22.0,27.0,20.0,27.0,26.0,24.0,21.0,26.0,20.0,21.0,18.0,21.0,24.0,24.0,23.0,28.0,22.0,18.0,20.0,21.0,23.0,20.0,26.0,16.0,20.0,22.0,25.0,23.0,21.0,25.0,24.0,19.0,13.0,21.0,19.0,28.0,24.0,27.0,24.0,21.0,17.0,22.0,16.0,22.0,28.0,17.0,20.0,23.0
2016-06-27,20.0,27.0,19.0,27.0,26.0,22.0,20.0,26.0,20.0,22.0,21.0,22.0,23.0,25.0,26.0,27.0,21.0,19.0,20.0,16.0,22.0,20.0,26.0,17.0,24.0,20.0,27.0,20.0,23.0,23.0,21.0,18.0,14.0,21.0,20.0,27.0,23.0,27.0,20.0,22.0,18.0,19.0,19.0,20.0,27.0,15.0,23.0,22.0
2016-06-28,20.0,27.0,19.0,26.0,27.0,22.0,21.0,26.0,22.0,23.0,16.0,22.0,23.0,26.0,26.0,25.0,20.0,20.0,21.0,23.0,23.0,20.0,27.0,17.0,24.0,21.0,27.0,19.0,25.0,22.0,20.0,18.0,12.0,22.0,19.0,26.0,22.0,26.0,22.0,22.0,20.0,20.0,19.0,21.0,27.0,16.0,24.0,21.0
2016-06-30,21.0,26.0,24.0,26.0,25.0,20.0,25.0,26.0,25.0,24.0,21.0,22.0,22.0,26.0,26.0,26.0,20.0,15.0,25.0,22.0,26.0,21.0,26.0,19.0,26.0,25.0,26.0,21.0,24.0,21.0,22.0,18.0,13.0,26.0,18.0,27.0,20.0,26.0,22.0,27.0,16.0,23.0,17.0,22.0,27.0,15.0,26.0,20.0
2016-07-01,20.0,26.0,23.0,25.0,26.0,21.0,25.0,26.0,26.0,22.0,22.0,24.0,22.0,26.0,27.0,26.0,20.0,17.0,25.0,26.0,27.0,23.0,26.0,18.0,27.0,23.0,26.0,19.0,24.0,21.0,21.0,17.0,15.0,26.0,16.0,27.0,21.0,26.0,19.0,26.0,16.0,22.0,15.0,21.0,27.0,17.0,26.0,19.0
2016-07-02,20.0,26.0,23.0,25.0,25.0,22.0,22.0,26.0,22.0,24.0,22.0,25.0,23.0,26.0,26.0,26.0,21.0,19.0,22.0,26.0,25.0,22.0,26.0,18.0,27.0,22.0,27.0,20.0,24.0,24.0,21.0,17.0,16.0,23.0,17.0,27.0,24.0,26.0,22.0,26.0,17.0,23.0,17.0,21.0,27.0,19.0,25.0,21.0
2016-07-03,20.0,26.0,24.0,26.0,25.0,23.0,22.0,26.0,24.0,23.0,18.0,25.0,23.0,26.0,25.0,26.0,20.0,21.0,23.0,24.0,25.0,22.0,26.0,19.0,27.0,22.0,26.0,20.0,23.0,24.0,23.0,18.0,17.0,24.0,17.0,26.0,22.0,26.0,22.0,26.0,20.0,22.0,20.0,20.0,26.0,19.0,25.0,22.0
2016-07-04,20.0,26.0,22.0,26.0,26.0,21.0,23.0,26.0,25.0,22.0,21.0,25.0,22.0,26.0,26.0,26.0,19.0,20.0,24.0,26.0,22.0,23.0,26.0,18.0,27.0,21.0,26.0,19.0,24.0,23.0,21.0,19.0,18.0,25.0,19.0,26.0,20.0,26.0,19.0,27.0,20.0,20.0,21.0,21.0,27.0,18.0,26.0,22.0
2016-07-05,20.0,26.0,23.0,26.0,25.0,21.0,23.0,26.0,24.0,23.0,21.0,26.0,21.0,27.0,26.0,26.0,19.0,21.0,25.0,25.0,23.0,22.0,27.0,17.0,27.0,22.0,27.0,20.0,24.0,22.0,22.0,18.0,18.0,24.0,20.0,27.0,21.0,26.0,20.0,26.0,19.0,22.0,19.0,21.0,27.0,20.0,26.0,23.0
2016-07-06,21.0,26.0,24.0,26.0,25.0,23.0,25.0,26.0,25.0,23.0,16.0,27.0,23.0,27.0,27.0,26.0,20.0,23.0,24.0,25.0,25.0,22.0,27.0,19.0,26.0,23.0,26.0,20.0,25.0,24.0,22.0,19.0,17.0,26.0,19.0,27.0,23.0,26.0,22.0,27.0,22.0,23.0,22.0,21.0,27.0,21.0,26.0,23.0
2016-07-07,22.0,27.0,24.0,27.0,25.0,24.0,24.0,26.0,25.0,23.0,16.0,27.0,24.0,26.0,27.0,26.0,20.0,24.0,24.0,25.0,25.0,23.0,27.0,19.0,26.0,24.0,27.0,22.0,25.0,25.0,23.0,19.0,17.0,25.0,19.0,28.0,24.0,27.0,22.0,26.0,23.0,24.0,22.0,22.0,28.0,21.0,25.0,23.0
2016-07-08,22.0,28.0,26.0,29.0,26.0,25.0,25.0,26.0,25.0,24.0,19.0,28.0,23.0,26.0,27.0,28.0,22.0,21.0,24.0,24.0,27.0,24.0,26.0,20.0,26.0,24.0,25.0,23.0,28.0,25.0,24.0,18.0,19.0,25.0,21.0,29.0,23.0,28.0,25.0,26.0,22.0,24.0,22.0,22.0,29.0,20.0,26.0,23.0
2016-07-09,23.0,28.0,26.0,29.0,26.0,24.0,24.0,27.0,25.0,25.0,18.0,29.0,24.0,25.0,27.0,28.0,22.0,22.0,25.0,24.0,27.0,24.0,25.0,20.0,27.0,0.0,25.0,24.0,27.0,27.0,25.0,18.0,18.0,25.0,22.0,29.0,23.0,28.0,23.0,26.0,19.0,24.0,21.0,22.0,28.0,21.0,26.0,25.0
2016-07-10,23.0,26.0,25.0,25.0,27.0,25.0,24.0,26.0,24.0,24.0,20.0,28.0,25.0,26.0,27.0,26.0,22.0,26.0,25.0,25.0,27.0,24.0,26.0,20.0,26.0,25.0,27.0,25.0,25.0,27.0,26.0,18.0,19.0,25.0,23.0,27.0,24.0,25.0,24.0,26.0,24.0,23.0,23.0,22.0,27.0,21.0,26.0,26.0
2016-07-11,22.0,26.0,26.0,26.0,27.0,25.0,24.0,26.0,25.0,25.0,20.0,29.0,25.0,27.0,27.0,26.0,22.0,21.0,25.0,23.0,28.0,24.0,26.0,21.0,26.0,25.0,26.0,25.0,25.0,27.0,24.0,18.0,17.0,26.0,23.0,27.0,24.0,25.0,24.0,26.0,25.0,24.0,23.0,22.0,26.0,17.0,26.0,25.0
2016-07-12,23.0,27.0,26.0,27.0,26.0,25.0,26.0,26.0,26.0,24.0,21.0,29.0,25.0,27.0,27.0,26.0,23.0,18.0,25.0,26.0,28.0,24.0,26.0,19.0,27.0,26.0,26.0,23.0,23.0,25.0,23.0,19.0,17.0,26.0,21.0,28.0,23.0,26.0,24.0,27.0,19.0,25.0,20.0,23.0,27.0,18.0,26.0,24.0
2016-07-13,22.0,26.0,25.0,26.0,25.0,24.0,26.0,26.0,26.0,23.0,22.0,26.0,23.0,28.0,28.0,26.0,24.0,17.0,26.0,26.0,28.0,24.0,26.0,19.0,26.0,26.0,27.0,23.0,21.0,25.0,24.0,18.0,17.0,26.0,19.0,27.0,23.0,25.0,23.0,27.0,18.0,24.0,18.0,24.0,26.0,17.0,28.0,22.0
2016-07-14,22.0,26.0,25.0,26.0,25.0,23.0,25.0,26.0,23.0,23.0,22.0,23.0,20.0,28.0,26.0,26.0,23.0,16.0,25.0,25.0,27.0,20.0,26.0,17.0,27.0,25.0,27.0,22.0,18.0,23.0,22.0,18.0,16.0,26.0,18.0,28.0,21.0,26.0,20.0,26.0,16.0,22.0,16.0,22.0,27.0,17.0,27.0,22.0
2016-07-15,22.0,27.0,23.0,27.0,27.0,20.0,22.0,26.0,24.0,21.0,17.0,23.0,20.0,28.0,26.0,26.0,21.0,18.0,24.0,26.0,25.0,20.0,26.0,16.0,26.0,22.0,28.0,19.0,22.0,22.0,20.0,18.0,15.0,24.0,19.0,28.0,18.0,26.0,18.0,24.0,17.0,20.0,17.0,20.0,28.0,16.0,26.0,19.0
2016-07-16,20.0,28.0,25.0,27.0,27.0,21.0,23.0,27.0,23.0,22.0,20.0,26.0,20.0,24.0,26.0,28.0,20.0,18.0,22.0,22.0,26.0,23.0,27.0,17.0,25.0,24.0,28.0,21.0,23.0,23.0,22.0,18.0,14.0,24.0,20.0,28.0,21.0,27.0,21.0,24.0,18.0,22.0,18.0,22.0,29.0,16.0,24.0,20.0
2016-07-17,21.0,28.0,25.0,27.0,27.0,22.0,24.0,26.0,24.0,23.0,22.0,27.0,22.0,26.0,25.0,27.0,22.0,18.0,24.0,22.0,26.0,23.0,27.0,18.0,26.0,25.0,25.0,21.0,24.0,24.0,23.0,18.0,15.0,25.0,18.0,28.0,22.0,27.0,22.0,26.0,16.0,24.0,17.0,23.0,29.0,18.0,25.0,21.0
2016-07-18,22.0,27.0,26.0,27.0,27.0,24.0,25.0,26.0,25.0,22.0,22.0,26.0,22.0,27.0,26.0,27.0,22.0,21.0,24.0,24.0,27.0,23.0,27.0,18.0,26.0,26.0,27.0,23.0,23.0,25.0,23.0,19.0,17.0,26.0,20.0,28.0,23.0,27.0,23.0,26.0,20.0,24.0,19.0,23.0,27.0,17.0,25.0,23.0
2016-07-19,23.0,28.0,26.0,27.0,27.0,23.0,27.0,26.0,27.0,24.0,19.0,25.0,21.0,26.0,27.0,27.0,22.0,23.0,26.0,22.0,28.0,23.0,26.0,17.0,27.0,27.0,26.0,21.0,22.0,23.0,22.0,18.0,16.0,27.0,20.0,28.0,23.0,26.0,23.0,28.0,21.0,25.0,21.0,23.0,27.0,16.0,26.0,23.0
2016-07-20,24.0,28.0,25.0,28.0,26.0,25.0,28.0,26.0,28.0,24.0,20.0,27.0,21.0,26.0,27.0,27.0,22.0,22.0,28.0,24.0,28.0,23.0,26.0,17.0,27.0,27.0,26.0,21.0,24.0,22.0,20.0,18.0,18.0,28.0,22.0,28.0,24.0,27.0,24.0,29.0,22.0,24.0,21.0,24.0,27.0,18.0,27.0,20.0
2016-07-21,25.0,28.0,27.0,28.0,26.0,25.0,28.0,26.0,28.0,26.0,22.0,28.0,23.0,27.0,28.0,27.0,22.0,22.0,29.0,23.0,28.0,25.0,26.0,19.0,28.0,27.0,27.0,24.0,25.0,25.0,23.0,17.0,19.0,29.0,22.0,28.0,24.0,27.0,24.0,30.0,21.0,26.0,20.0,25.0,28.0,20.0,28.0,22.0
2016-07-22,26.0,27.0,27.0,28.0,25.0,27.0,29.0,25.0,29.0,27.0,20.0,29.0,25.0,28.0,28.0,27.0,23.0,22.0,29.0,21.0,28.0,23.0,26.0,20.0,28.0,28.0,27.0,25.0,24.0,26.0,25.0,17.0,17.0,29.0,23.0,28.0,26.0,27.0,25.0,30.0,22.0,27.0,21.0,25.0,28.0,20.0,28.0,24.0
2016-07-23,26.0,28.0,28.0,28.0,26.0,27.0,28.0,26.0,30.0,27.0,17.0,29.0,26.0,27.0,29.0,27.0,24.0,23.0,29.0,26.0,29.0,24.0,26.0,22.0,28.0,29.0,27.0,26.0,26.0,27.0,26.0,17.0,19.0,29.0,25.0,28.0,29.0,27.0,27.0,29.0,24.0,28.0,23.0,26.0,28.0,21.0,28.0,26.0
2016-07-24,25.0,27.0,28.0,28.0,25.0,28.0,29.0,27.0,30.0,28.0,20.0,28.0,24.0,27.0,29.0,27.0,23.0,18.0,29.0,26.0,29.0,24.0,26.0,21.0,27.0,28.0,27.0,25.0,25.0,27.0,24.0,17.0,17.0,29.0,24.0,28.0,29.0,28.0,28.0,28.0,19.0,29.0,20.0,26.0,28.0,16.0,29.0,25.0
2016-07-25,26.0,27.0,28.0,27.0,26.0,26.0,29.0,27.0,29.0,27.0,22.0,29.0,26.0,27.0,30.0,28.0,23.0,18.0,27.0,25.0,29.0,24.0,26.0,19.0,26.0,29.0,26.0,23.0,23.0,25.0,23.0,17.0,17.0,29.0,20.0,28.0,25.0,27.0,26.0,28.0,19.0,28.0,19.0,25.0,27.0,17.0,29.0,21.0
2016-07-26,23.0,26.0,29.0,26.0,26.0,24.0,29.0,26.0,29.0,28.0,23.0,29.0,26.0,27.0,29.0,26.0,23.0,19.0,28.0,27.0,30.0,23.0,26.0,19.0,27.0,29.0,27.0,23.0,24.0,25.0,24.0,16.0,18.0,29.0,20.0,27.0,24.0,26.0,23.0,29.0,18.0,28.0,18.0,24.0,27.0,18.0,29.0,21.0
2016-07-27,23.0,27.0,28.0,27.0,25.0,25.0,30.0,26.0,29.0,26.0,24.0,26.0,27.0,28.0,29.0,26.0,24.0,19.0,28.0,26.0,29.0,22.0,27.0,20.0,27.0,29.0,27.0,24.0,24.0,26.0,25.0,17.0,17.0,30.0,20.0,27.0,25.0,26.0,24.0,30.0,19.0,27.0,20.0,25.0,27.0,18.0,28.0,23.0
2016-07-28,25.0,28.0,28.0,28.0,25.0,26.0,29.0,26.0,30.0,26.0,23.0,26.0,26.0,28.0,29.0,27.0,23.0,20.0,29.0,26.0,29.0,22.0,27.0,20.0,28.0,29.0,27.0,24.0,25.0,25.0,23.0,16.0,17.0,30.0,22.0,28.0,28.0,28.0,25.0,30.0,21.0,28.0,21.0,25.0,28.0,20.0,29.0,24.0
2016-07-29,26.0,27.0,29.0,28.0,24.0,27.0,29.0,26.0,29.0,27.0,19.0,26.0,26.0,27.0,30.0,27.0,23.0,21.0,28.0,25.0,30.0,23.0,26.0,21.0,27.0,29.0,27.0,23.0,26.0,26.0,25.0,17.0,19.0,30.0,21.0,28.0,26.0,27.0,25.0,28.0,20.0,28.0,20.0,26.0,28.0,22.0,29.0,24.0
2016-07-30,25.0,28.0,29.0,28.0,24.0,27.0,28.0,27.0,28.0,26.0,17.0,28.0,26.0,26.0,30.0,28.0,24.0,22.0,27.0,26.0,29.0,23.0,26.0,21.0,27.0,29.0,26.0,24.0,26.0,27.0,25.0,17.0,17.0,29.0,23.0,29.0,26.0,26.0,26.0,28.0,22.0,28.0,21.0,26.0,26.0,21.0,28.0,23.0
2016-07-31,24.0,26.0,28.0,27.0,25.0,26.0,28.0,26.0,28.0,26.0,16.0,28.0,25.0,27.0,29.0,27.0,23.0,22.0,27.0,25.0,30.0,23.0,27.0,21.0,26.0,29.0,27.0,23.0,24.0,25.0,24.0,17.0,20.0,28.0,24.0,27.0,25.0,26.0,25.0,28.0,21.0,27.0,21.0,26.0,28.0,21.0,28.0,23.0
2016-08-01,23.0,25.0,27.0,24.0,26.0,25.0,27.0,25.0,27.0,25.0,14.0,26.0,24.0,27.0,30.0,25.0,23.0,22.0,26.0,23.0,30.0,23.0,26.0,21.0,27.0,29.0,26.0,23.0,26.0,25.0,25.0,16.0,20.0,28.0,22.0,26.0,24.0,24.0,23.0,28.0,22.0,26.0,21.0,24.0,26.0,22.0,27.0,23.0
2016-08-02,23.0,25.0,26.0,24.0,24.0,24.0,26.0,24.0,26.0,24.0,16.0,26.0,24.0,27.0,28.0,24.0,23.0,24.0,26.0,25.0,29.0,23.0,26.0,20.0,27.0,26.0,26.0,23.0,25.0,25.0,24.0,17.0,19.0,27.0,22.0,25.0,23.0,24.0,22.0,27.0,23.0,25.0,23.0,24.0,25.0,20.0,28.0,24.0
2016-08-03,23.0,25.0,25.0,25.0,24.0,24.0,25.0,26.0,26.0,24.0,18.0,26.0,25.0,26.0,27.0,25.0,23.0,26.0,26.0,24.0,28.0,23.0,27.0,20.0,25.0,26.0,27.0,23.0,25.0,25.0,25.0,17.0,18.0,26.0,23.0,26.0,23.0,25.0,23.0,26.0,25.0,25.0,23.0,25.0,25.0,20.0,26.0,26.0
2016-08-04,24.0,26.0,25.0,27.0,26.0,26.0,26.0,25.0,26.0,24.0,20.0,26.0,25.0,26.0,27.0,26.0,23.0,22.0,25.0,24.0,27.0,23.0,26.0,20.0,25.0,26.0,26.0,24.0,22.0,25.0,25.0,17.0,19.0,26.0,24.0,26.0,24.0,26.0,24.0,26.0,24.0,25.0,24.0,25.0,27.0,21.0,26.0,26.0
2016-08-05,24.0,26.0,26.0,25.0,25.0,26.0,26.0,25.0,26.0,24.0,20.0,26.0,25.0,27.0,27.0,25.0,24.0,19.0,26.0,26.0,27.0,22.0,27.0,20.0,26.0,26.0,26.0,24.0,24.0,27.0,25.0,17.0,18.0,27.0,23.0,28.0,24.0,25.0,24.0,27.0,23.0,25.0,25.0,25.0,26.0,21.0,26.0,26.0
2016-08-06,25.0,27.0,26.0,27.0,26.0,24.0,26.0,27.0,26.0,24.0,22.0,25.0,24.0,26.0,27.0,27.0,23.0,16.0,27.0,24.0,26.0,23.0,25.0,20.0,26.0,26.0,26.0,23.0,23.0,26.0,24.0,17.0,20.0,27.0,22.0,28.0,24.0,27.0,25.0,27.0,19.0,25.0,18.0,26.0,28.0,21.0,26.0,24.0
2016-08-07,25.0,28.0,25.0,28.0,26.0,25.0,26.0,28.0,27.0,24.0,18.0,25.0,23.0,25.0,27.0,28.0,24.0,15.0,27.0,24.0,26.0,22.0,26.0,19.0,26.0,26.0,26.0,21.0,24.0,24.0,23.0,16.0,18.0,27.0,18.0,28.0,24.0,27.0,24.0,27.0,15.0,25.0,15.0,26.0,28.0,20.0,27.0,20.0
2016-08-08,24.0,28.0,26.0,28.0,27.0,25.0,27.0,26.0,27.0,23.0,16.0,26.0,24.0,26.0,26.0,27.0,23.0,18.0,26.0,26.0,27.0,23.0,25.0,19.0,25.0,26.0,26.0,22.0,24.0,24.0,23.0,16.0,19.0,27.0,16.0,28.0,24.0,27.0,24.0,28.0,17.0,26.0,16.0,26.0,27.0,21.0,26.0,20.0
2016-08-09,24.0,25.0,25.0,26.0,27.0,25.0,27.0,25.0,27.0,24.0,18.0,26.0,24.0,26.0,27.0,26.0,24.0,21.0,27.0,26.0,27.0,21.0,25.0,20.0,26.0,27.0,26.0,24.0,24.0,26.0,24.0,17.0,20.0,27.0,22.0,26.0,25.0,26.0,24.0,28.0,21.0,25.0,20.0,26.0,27.0,21.0,26.0,25.0
2016-08-10,26.0,25.0,26.0,26.0,25.0,26.0,27.0,26.0,28.0,26.0,18.0,27.0,25.0,26.0,27.0,26.0,25.0,24.0,27.0,26.0,27.0,22.0,26.0,21.0,26.0,27.0,26.0,26.0,24.0,26.0,26.0,17.0,19.0,28.0,24.0,24.0,26.0,26.0,25.0,28.0,25.0,27.0,24.0,27.0,26.0,20.0,27.0,26.0
2016-08-11,27.0,25.0,28.0,26.0,25.0,27.0,27.0,26.0,27.0,27.0,20.0,28.0,26.0,27.0,28.0,26.0,26.0,23.0,27.0,27.0,28.0,23.0,25.0,22.0,27.0,28.0,26.0,27.0,25.0,28.0,27.0,17.0,17.0,28.0,26.0,26.0,27.0,25.0,26.0,28.0,25.0,26.0,24.0,27.0,26.0,19.0,27.0,27.0
2016-08-12,26.0,26.0,28.0,26.0,25.0,27.0,27.0,26.0,27.0,27.0,21.0,27.0,25.0,27.0,28.0,26.0,26.0,20.0,27.0,24.0,29.0,24.0,25.0,23.0,27.0,28.0,26.0,24.0,26.0,26.0,25.0,17.0,16.0,28.0,24.0,27.0,26.0,26.0,26.0,28.0,22.0,28.0,23.0,27.0,27.0,18.0,27.0,25.0
2016-08-13,26.0,26.0,28.0,26.0,24.0,26.0,28.0,25.0,28.0,27.0,21.0,28.0,24.0,26.0,28.0,26.0,25.0,18.0,27.0,24.0,29.0,24.0,25.0,21.0,27.0,29.0,26.0,25.0,28.0,26.0,24.0,18.0,16.0,28.0,22.0,26.0,26.0,26.0,26.0,28.0,20.0,27.0,19.0,27.0,26.0,18.0,27.0,25.0
2016-08-14,25.0,25.0,27.0,26.0,25.0,25.0,27.0,25.0,28.0,26.0,22.0,29.0,23.0,27.0,29.0,25.0,25.0,18.0,26.0,24.0,28.0,25.0,25.0,21.0,26.0,28.0,27.0,23.0,28.0,24.0,24.0,18.0,17.0,28.0,18.0,26.0,24.0,25.0,24.0,28.0,17.0,28.0,17.0,25.0,26.0,17.0,28.0,23.0
2016-08-15,24.0,24.0,28.0,25.0,25.0,24.0,27.0,25.0,27.0,25.0,21.0,28.0,20.0,26.0,29.0,25.0,24.0,17.0,26.0,23.0,28.0,24.0,26.0,17.0,26.0,28.0,27.0,20.0,29.0,22.0,20.0,17.0,17.0,27.0,17.0,25.0,23.0,25.0,23.0,28.0,16.0,26.0,17.0,26.0,25.0,18.0,27.0,21.0
2016-08-16,23.0,24.0,28.0,25.0,26.0,24.0,27.0,25.0,27.0,23.0,19.0,29.0,22.0,26.0,29.0,25.0,24.0,17.0,26.0,25.0,28.0,23.0,26.0,20.0,27.0,27.0,26.0,20.0,26.0,25.0,22.0,17.0,18.0,27.0,18.0,25.0,23.0,25.0,23.0,28.0,17.0,26.0,17.0,26.0,25.0,19.0,28.0,23.0
2016-08-17,24.0,25.0,28.0,26.0,25.0,24.0,27.0,26.0,28.0,24.0,19.0,29.0,23.0,26.0,30.0,26.0,24.0,17.0,26.0,25.0,28.0,25.0,26.0,21.0,27.0,27.0,26.0,23.0,27.0,23.0,23.0,18.0,17.0,27.0,20.0,26.0,23.0,25.0,24.0,28.0,18.0,26.0,19.0,26.0,26.0,18.0,28.0,24.0
2016-08-18,24.0,26.0,27.0,25.0,25.0,24.0,28.0,25.0,28.0,26.0,20.0,29.0,23.0,27.0,30.0,26.0,24.0,17.0,27.0,24.0,29.0,24.0,26.0,21.0,27.0,28.0,26.0,22.0,28.0,23.0,22.0,18.0,18.0,28.0,20.0,26.0,24.0,25.0,25.0,29.0,18.0,27.0,19.0,27.0,26.0,18.0,28.0,20.0
2016-08-19,26.0,27.0,28.0,27.0,24.0,25.0,28.0,26.0,29.0,25.0,21.0,30.0,23.0,28.0,30.0,26.0,24.0,15.0,27.0,25.0,29.0,26.0,26.0,20.0,28.0,29.0,27.0,20.0,27.0,23.0,22.0,19.0,18.0,29.0,20.0,27.0,24.0,26.0,24.0,29.0,16.0,25.0,17.0,25.0,27.0,21.0,28.0,21.0
2016-08-20,23.0,27.0,28.0,27.0,25.0,23.0,27.0,26.0,27.0,23.0,20.0,30.0,23.0,27.0,28.0,26.0,23.0,17.0,27.0,27.0,28.0,25.0,26.0,20.0,28.0,27.0,26.0,20.0,26.0,23.0,22.0,17.0,18.0,28.0,19.0,27.0,22.0,26.0,21.0,28.0,18.0,25.0,18.0,25.0,27.0,19.0,28.0,22.0
2016-08-21,24.0,26.0,26.0,26.0,25.0,23.0,27.0,27.0,27.0,24.0,18.0,30.0,24.0,26.0,28.0,26.0,23.0,16.0,27.0,25.0,28.0,26.0,26.0,20.0,26.0,27.0,26.0,22.0,26.0,24.0,23.0,18.0,18.0,28.0,18.0,26.0,22.0,27.0,22.0,28.0,17.0,25.0,17.0,26.0,27.0,21.0,27.0,21.0
2016-08-22,22.0,26.0,26.0,28.0,25.0,22.0,27.0,26.0,27.0,25.0,16.0,30.0,23.0,27.0,29.0,27.0,24.0,16.0,27.0,24.0,27.0,26.0,26.0,20.0,26.0,26.0,26.0,22.0,25.0,25.0,24.0,18.0,19.0,27.0,17.0,27.0,22.0,26.0,20.0,28.0,16.0,24.0,17.0,24.0,27.0,19.0,27.0,21.0
2016-08-23,22.0,26.0,27.0,28.0,25.0,24.0,26.0,26.0,26.0,25.0,16.0,30.0,24.0,27.0,28.0,27.0,24.0,18.0,25.0,26.0,28.0,26.0,26.0,22.0,25.0,26.0,27.0,23.0,26.0,23.0,24.0,17.0,17.0,26.0,19.0,28.0,25.0,27.0,23.0,27.0,18.0,25.0,19.0,25.0,27.0,18.0,26.0,23.0
2016-08-24,24.0,27.0,28.0,28.0,26.0,22.0,25.0,26.0,24.0,25.0,17.0,30.0,24.0,28.0,29.0,27.0,23.0,16.0,23.0,25.0,29.0,26.0,26.0,21.0,25.0,25.0,27.0,22.0,25.0,23.0,24.0,18.0,16.0,25.0,18.0,28.0,21.0,27.0,22.0,27.0,17.0,24.0,16.0,25.0,28.0,16.0,26.0,18.0
2016-08-25,19.0,26.0,25.0,27.0,27.0,20.0,25.0,26.0,26.0,21.0,19.0,26.0,19.0,27.0,29.0,26.0,18.0,13.0,24.0,25.0,24.0,24.0,27.0,15.0,25.0,24.0,27.0,15.0,20.0,19.0,18.0,17.0,10.0,26.0,11.0,27.0,18.0,26.0,19.0,27.0,12.0,22.0,11.0,22.0,26.0,11.0,26.0,14.0
2016-08-26,20.0,25.0,21.0,25.0,25.0,18.0,23.0,25.0,23.0,18.0,20.0,25.0,19.0,26.0,24.0,25.0,19.0,15.0,23.0,25.0,21.0,22.0,26.0,13.0,26.0,21.0,26.0,14.0,21.0,20.0,17.0,17.0,9.0,24.0,11.0,26.0,16.0,24.0,14.0,26.0,13.0,19.0,12.0,20.0,25.0,11.0,24.0,14.0
2016-08-27,20.0,26.0,18.0,26.0,25.0,17.0,20.0,25.0,21.0,18.0,22.0,23.0,19.0,26.0,23.0,24.0,20.0,15.0,20.0,21.0,20.0,22.0,25.0,13.0,24.0,19.0,26.0,16.0,18.0,21.0,20.0,17.0,10.0,22.0,12.0,27.0,17.0,25.0,16.0,24.0,14.0,18.0,13.0,19.0,26.0,10.0,23.0,16.0
2016-08-28,21.0,25.0,19.0,25.0,25.0,18.0,19.0,25.0,19.0,18.0,20.0,23.0,19.0,22.0,22.0,25.0,20.0,15.0,20.0,22.0,19.0,22.0,25.0,13.0,22.0,19.0,24.0,16.0,19.0,21.0,18.0,18.0,11.0,21.0,14.0,26.0,17.0,25.0,16.0,22.0,15.0,19.0,14.0,20.0,25.0,13.0,21.0,17.0
2016-08-29,21.0,26.0,19.0,26.0,23.0,19.0,20.0,25.0,20.0,19.0,20.0,22.0,20.0,22.0,23.0,26.0,20.0,13.0,20.0,20.0,21.0,20.0,24.0,15.0,20.0,20.0,22.0,17.0,20.0,21.0,19.0,19.0,13.0,20.0,14.0,26.0,18.0,26.0,16.0,23.0,14.0,18.0,14.0,21.0,25.0,12.0,21.0,15.0
2016-08-30,20.0,25.0,21.0,26.0,24.0,20.0,21.0,24.0,21.0,21.0,21.0,22.0,20.0,23.0,24.0,25.0,19.0,14.0,21.0,23.0,24.0,19.0,24.0,14.0,20.0,20.0,22.0,16.0,20.0,22.0,19.0,18.0,12.0,21.0,14.0,26.0,21.0,25.0,18.0,23.0,16.0,20.0,13.0,21.0,25.0,12.0,21.0,14.0
2016-08-31,19.0,25.0,21.0,26.0,25.0,20.0,22.0,26.0,23.0,20.0,16.0,21.0,22.0,25.0,24.0,25.0,18.0,17.0,22.0,23.0,23.0,20.0,25.0,14.0,22.0,21.0,25.0,16.0,20.0,20.0,20.0,18.0,11.0,23.0,15.0,26.0,21.0,25.0,18.0,25.0,18.0,22.0,14.0,22.0,25.0,11.0,23.0,14.0
2016-09-01,18.0,25.0,21.0,25.0,22.0,19.0,22.0,25.0,23.0,22.0,15.0,21.0,20.0,23.0,21.0,24.0,19.0,16.0,24.0,24.0,21.0,20.0,25.0,11.0,24.0,21.0,26.0,18.0,20.0,20.0,19.0,17.0,10.0,24.0,15.0,25.0,19.0,25.0,17.0,26.0,17.0,19.0,16.0,23.0,25.0,11.0,24.0,16.0
2016-09-02,19.0,26.0,22.0,26.0,24.0,20.0,22.0,25.0,23.0,20.0,15.0,24.0,21.0,23.0,22.0,26.0,20.0,16.0,23.0,24.0,23.0,20.0,25.0,14.0,23.0,22.0,25.0,18.0,21.0,20.0,18.0,17.0,13.0,23.0,18.0,26.0,21.0,25.0,18.0,25.0,17.0,19.0,16.0,23.0,25.0,12.0,22.0,19.0
2016-09-03,19.0,26.0,22.0,25.0,24.0,21.0,23.0,26.0,23.0,22.0,15.0,26.0,21.0,24.0,24.0,24.0,20.0,17.0,23.0,24.0,24.0,20.0,25.0,16.0,22.0,22.0,25.0,19.0,21.0,22.0,20.0,17.0,12.0,23.0,17.0,26.0,22.0,26.0,20.0,24.0,18.0,22.0,17.0,23.0,26.0,10.0,23.0,19.0
2016-09-04,21.0,25.0,22.0,26.0,24.0,21.0,22.0,26.0,23.0,21.0,19.0,22.0,20.0,24.0,25.0,26.0,20.0,17.0,23.0,23.0,26.0,20.0,25.0,12.0,24.0,21.0,25.0,19.0,22.0,21.0,18.0,17.0,11.0,23.0,17.0,27.0,22.0,25.0,20.0,25.0,18.0,22.0,17.0,23.0,26.0,9.0,24.0,19.0
2016-09-05,21.0,26.0,22.0,26.0,25.0,22.0,24.0,25.0,24.0,21.0,20.0,21.0,20.0,25.0,25.0,26.0,21.0,16.0,23.0,24.0,25.0,19.0,25.0,15.0,23.0,21.0,26.0,17.0,22.0,21.0,20.0,17.0,11.0,24.0,17.0,27.0,22.0,25.0,20.0,25.0,17.0,21.0,17.0,23.0,26.0,12.0,24.0,19.0
2016-09-06,21.0,26.0,21.0,26.0,24.0,22.0,22.0,25.0,21.0,20.0,20.0,21.0,20.0,25.0,23.0,26.0,22.0,16.0,21.0,23.0,24.0,19.0,25.0,11.0,22.0,20.0,25.0,19.0,16.0,22.0,21.0,17.0,10.0,21.0,16.0,27.0,19.0,26.0,20.0,24.0,17.0,22.0,17.0,24.0,26.0,12.0,23.0,20.0
2016-09-07,20.0,26.0,22.0,26.0,24.0,20.0,22.0,25.0,21.0,20.0,17.0,20.0,20.0,25.0,24.0,26.0,20.0,16.0,20.0,22.0,25.0,18.0,25.0,12.0,22.0,22.0,25.0,17.0,17.0,20.0,20.0,18.0,10.0,21.0,16.0,26.0,19.0,26.0,18.0,23.0,16.0,21.0,16.0,21.0,26.0,10.0,22.0,18.0
2016-09-08,19.0,25.0,22.0,26.0,25.0,20.0,21.0,25.0,21.0,20.0,18.0,20.0,19.0,24.0,24.0,26.0,20.0,16.0,20.0,22.0,24.0,19.0,25.0,12.0,20.0,22.0,25.0,15.0,20.0,20.0,18.0,17.0,7.0,21.0,15.0,26.0,20.0,26.0,19.0,23.0,17.0,21.0,16.0,22.0,26.0,9.0,22.0,18.0
2016-09-09,20.0,25.0,21.0,26.0,24.0,22.0,23.0,25.0,23.0,22.0,19.0,20.0,20.0,24.0,23.0,25.0,20.0,13.0,22.0,20.0,22.0,19.0,25.0,14.0,22.0,22.0,25.0,17.0,19.0,20.0,19.0,14.0,12.0,22.0,15.0,26.0,22.0,26.0,20.0,24.0,15.0,23.0,15.0,24.0,26.0,11.0,22.0,18.0
2016-09-10,20.0,26.0,20.0,25.0,23.0,21.0,21.0,25.0,22.0,20.0,18.0,20.0,19.0,24.0,23.0,25.0,20.0,12.0,21.0,21.0,22.0,19.0,25.0,14.0,23.0,20.0,25.0,17.0,17.0,19.0,19.0,12.0,10.0,22.0,15.0,26.0,20.0,26.0,19.0,23.0,14.0,20.0,14.0,21.0,26.0,10.0,21.0,16.0
2016-09-11,19.0,24.0,20.0,26.0,23.0,20.0,20.0,24.0,20.0,20.0,20.0,22.0,17.0,21.0,22.0,25.0,19.0,13.0,21.0,20.0,21.0,20.0,25.0,12.0,20.0,20.0,24.0,17.0,19.0,18.0,18.0,14.0,10.0,21.0,14.0,26.0,19.0,25.0,18.0,22.0,14.0,21.0,13.0,22.0,25.0,9.0,19.0,16.0
2016-09-12,19.0,26.0,21.0,26.0,23.0,19.0,20.0,24.0,20.0,21.0,19.0,23.0,18.0,22.0,22.0,26.0,19.0,13.0,20.0,22.0,22.0,20.0,24.0,14.0,21.0,21.0,23.0,17.0,18.0,20.0,19.0,15.0,11.0,20.0,14.0,26.0,19.0,25.0,17.0,23.0,14.0,22.0,13.0,20.0,26.0,9.0,21.0,17.0
2016-09-13,20.0,26.0,22.0,26.0,24.0,20.0,21.0,24.0,20.0,20.0,16.0,24.0,18.0,22.0,23.0,26.0,18.0,13.0,20.0,22.0,23.0,19.0,25.0,12.0,22.0,21.0,24.0,18.0,19.0,20.0,19.0,15.0,10.0,21.0,14.0,27.0,19.0,25.0,18.0,23.0,13.0,21.0,13.0,22.0,27.0,10.0,21.0,17.0
2016-09-14,19.0,26.0,23.0,26.0,23.0,21.0,21.0,25.0,19.0,21.0,14.0,22.0,19.0,23.0,24.0,26.0,19.0,15.0,21.0,22.0,23.0,19.0,25.0,13.0,22.0,22.0,24.0,19.0,19.0,21.0,20.0,16.0,11.0,21.0,17.0,27.0,20.0,25.0,19.0,22.0,15.0,21.0,16.0,22.0,25.0,10.0,21.0,20.0
2016-09-15,20.0,27.0,23.0,26.0,23.0,21.0,22.0,25.0,22.0,20.0,15.0,20.0,20.0,24.0,22.0,26.0,20.0,13.0,21.0,23.0,24.0,18.0,25.0,13.0,24.0,21.0,25.0,19.0,19.0,22.0,21.0,15.0,12.0,21.0,17.0,27.0,21.0,26.0,19.0,23.0,13.0,22.0,14.0,22.0,27.0,11.0,22.0,21.0
2016-09-16,20.0,27.0,22.0,26.0,23.0,20.0,21.0,24.0,22.0,20.0,16.0,22.0,20.0,24.0,22.0,25.0,19.0,10.0,22.0,22.0,23.0,19.0,25.0,14.0,24.0,20.0,25.0,19.0,20.0,19.0,20.0,16.0,12.0,22.0,13.0,27.0,19.0,26.0,18.0,23.0,12.0,19.0,11.0,21.0,26.0,12.0,22.0,16.0
2016-09-17,19.0,26.0,21.0,26.0,23.0,20.0,20.0,25.0,21.0,20.0,16.0,22.0,17.0,23.0,22.0,25.0,16.0,9.0,21.0,19.0,22.0,20.0,25.0,15.0,23.0,20.0,24.0,18.0,21.0,18.0,18.0,17.0,9.0,21.0,13.0,26.0,18.0,26.0,17.0,23.0,8.0,19.0,9.0,20.0,26.0,10.0,22.0,14.0
2016-09-18,19.0,25.0,20.0,25.0,22.0,18.0,20.0,24.0,20.0,18.0,18.0,21.0,16.0,21.0,22.0,25.0,16.0,10.0,20.0,24.0,22.0,19.0,24.0,13.0,22.0,20.0,22.0,13.0,19.0,16.0,15.0,16.0,8.0,21.0,9.0,26.0,17.0,25.0,16.0,23.0,10.0,18.0,7.0,18.0,25.0,8.0,22.0,11.0
2016-09-19,18.0,25.0,18.0,24.0,22.0,15.0,17.0,23.0,18.0,16.0,19.0,20.0,15.0,21.0,21.0,23.0,16.0,11.0,19.0,19.0,22.0,18.0,23.0,10.0,21.0,17.0,21.0,11.0,17.0,16.0,13.0,14.0,9.0,19.0,8.0,25.0,14.0,24.0,12.0,21.0,10.0,14.0,8.0,18.0,24.0,8.0,20.0,13.0
2016-09-20,15.0,24.0,18.0,24.0,21.0,15.0,18.0,24.0,17.0,17.0,18.0,19.0,16.0,20.0,20.0,24.0,17.0,12.0,18.0,22.0,21.0,16.0,22.0,11.0,19.0,17.0,21.0,13.0,16.0,17.0,15.0,14.0,10.0,18.0,8.0,24.0,14.0,23.0,12.0,20.0,11.0,14.0,9.0,19.0,24.0,10.0,19.0,15.0
2016-09-21,17.0,24.0,16.0,25.0,20.0,16.0,18.0,23.0,18.0,18.0,19.0,20.0,16.0,21.0,20.0,25.0,18.0,13.0,17.0,18.0,21.0,19.0,22.0,12.0,19.0,17.0,21.0,16.0,15.0,18.0,16.0,14.0,10.0,18.0,12.0,25.0,18.0,25.0,14.0,20.0,13.0,16.0,13.0,19.0,25.0,11.0,19.0,17.0
2016-09-22,17.0,26.0,18.0,25.0,21.0,18.0,18.0,24.0,19.0,19.0,17.0,21.0,18.0,21.0,20.0,24.0,18.0,14.0,17.0,18.0,20.0,20.0,23.0,12.0,18.0,18.0,22.0,17.0,16.0,19.0,17.0,15.0,10.0,17.0,14.0,26.0,21.0,25.0,17.0,21.0,14.0,17.0,15.0,20.0,25.0,11.0,20.0,18.0
2016-09-23,19.0,25.0,20.0,25.0,24.0,20.0,19.0,25.0,20.0,19.0,13.0,20.0,18.0,21.0,21.0,25.0,20.0,14.0,18.0,19.0,21.0,18.0,23.0,14.0,21.0,20.0,22.0,17.0,19.0,20.0,19.0,15.0,10.0,19.0,16.0,26.0,22.0,25.0,18.0,21.0,15.0,19.0,16.0,21.0,26.0,11.0,21.0,19.0
2016-09-24,18.0,25.0,22.0,26.0,24.0,20.0,21.0,24.0,20.0,20.0,11.0,20.0,19.0,21.0,23.0,25.0,20.0,11.0,19.0,19.0,24.0,18.0,23.0,13.0,20.0,21.0,21.0,18.0,17.0,19.0,20.0,16.0,10.0,20.0,14.0,27.0,21.0,25.0,19.0,22.0,14.0,21.0,13.0,21.0,26.0,11.0,21.0,18.0
2016-09-25,19.0,26.0,23.0,26.0,25.0,20.0,22.0,26.0,22.0,19.0,12.0,20.0,19.0,22.0,24.0,26.0,19.0,8.0,21.0,22.0,26.0,18.0,23.0,15.0,21.0,22.0,22.0,18.0,19.0,20.0,19.0,16.0,11.0,21.0,14.0,27.0,21.0,26.0,19.0,23.0,8.0,21.0,9.0,21.0,26.0,12.0,21.0,18.0
2016-09-26,19.0,26.0,23.0,27.0,26.0,21.0,23.0,25.0,23.0,20.0,12.0,20.0,18.0,24.0,26.0,26.0,18.0,6.0,22.0,24.0,26.0,19.0,25.0,13.0,24.0,22.0,25.0,18.0,18.0,19.0,18.0,16.0,7.0,23.0,9.0,27.0,21.0,26.0,20.0,25.0,7.0,21.0,6.0,21.0,27.0,6.0,24.0,11.0
2016-09-27,15.0,28.0,21.0,28.0,25.0,16.0,23.0,26.0,23.0,17.0,12.0,20.0,14.0,26.0,26.0,28.0,12.0,3.0,24.0,24.0,23.0,20.0,24.0,9.0,24.0,22.0,26.0,10.0,16.0,14.0,12.0,16.0,2.0,23.0,5.0,28.0,16.0,27.0,15.0,24.0,2.0,17.0,1.0,16.0,28.0,4.0,23.0,8.0
2016-09-28,15.0,25.0,16.0,25.0,24.0,12.0,19.0,23.0,18.0,13.0,14.0,20.0,11.0,25.0,20.0,22.0,11.0,5.0,20.0,21.0,15.0,19.0,24.0,7.0,23.0,17.0,25.0,7.0,15.0,12.0,10.0,16.0,5.0,20.0,2.0,25.0,11.0,24.0,9.0,22.0,3.0,14.0,1.0,12.0,24.0,7.0,22.0,7.0
2016-09-29,13.0,21.0,17.0,21.0,21.0,13.0,18.0,22.0,18.0,13.0,14.0,20.0,14.0,26.0,18.0,19.0,14.0,8.0,19.0,20.0,15.0,19.0,25.0,11.0,24.0,16.0,25.0,10.0,15.0,14.0,12.0,16.0,8.0,19.0,6.0,24.0,12.0,22.0,9.0,23.0,7.0,16.0,7.0,16.0,23.0,8.0,20.0,12.0
2016-09-30,17.0,20.0,17.0,18.0,20.0,15.0,19.0,22.0,19.0,15.0,13.0,22.0,15.0,26.0,18.0,20.0,17.0,11.0,21.0,22.0,15.0,20.0,25.0,12.0,24.0,18.0,25.0,13.0,16.0,16.0,14.0,16.0,10.0,21.0,11.0,22.0,16.0,20.0,13.0,25.0,10.0,16.0,12.0,19.0,24.0,9.0,23.0,17.0
2016-10-01,18.0,23.0,18.0,22.0,21.0,18.0,19.0,23.0,21.0,17.0,10.0,22.0,16.0,25.0,21.0,22.0,18.0,6.0,23.0,22.0,17.0,19.0,25.0,12.0,24.0,20.0,25.0,15.0,16.0,17.0,15.0,15.0,9.0,23.0,13.0,25.0,19.0,23.0,17.0,25.0,7.0,19.0,9.0,18.0,24.0,9.0,23.0,17.0
2016-10-02,16.0,24.0,16.0,24.0,21.0,17.0,20.0,24.0,20.0,17.0,6.0,22.0,17.0,24.0,22.0,23.0,18.0,6.0,21.0,23.0,18.0,20.0,25.0,11.0,23.0,19.0,24.0,15.0,17.0,19.0,16.0,12.0,10.0,21.0,15.0,25.0,19.0,24.0,16.0,23.0,9.0,17.0,14.0,15.0,25.0,9.0,22.0,17.0
2016-10-03,18.0,24.0,18.0,25.0,22.0,19.0,18.0,24.0,19.0,17.0,4.0,23.0,17.0,23.0,21.0,25.0,15.0,2.0,20.0,20.0,19.0,20.0,25.0,14.0,23.0,20.0,25.0,17.0,17.0,18.0,16.0,12.0,12.0,19.0,7.0,26.0,21.0,24.0,17.0,23.0,1.0,18.0,2.0,18.0,25.0,11.0,21.0,9.0
2016-10-04,17.0,24.0,18.0,24.0,23.0,17.0,18.0,24.0,19.0,17.0,4.0,21.0,15.0,23.0,21.0,25.0,14.0,3.0,20.0,19.0,20.0,18.0,25.0,8.0,23.0,19.0,25.0,12.0,15.0,14.0,13.0,14.0,4.0,19.0,6.0,27.0,20.0,25.0,19.0,22.0,2.0,17.0,4.0,18.0,25.0,5.0,19.0,8.0
2016-10-05,16.0,25.0,19.0,26.0,20.0,15.0,20.0,24.0,20.0,17.0,3.0,20.0,14.0,24.0,22.0,25.0,10.0,-1.0,20.0,21.0,19.0,19.0,25.0,10.0,22.0,19.0,25.0,10.0,14.0,15.0,13.0,13.0,4.0,20.0,3.0,27.0,16.0,25.0,14.0,22.0,0.0,17.0,1.0,16.0,25.0,6.0,22.0,5.0
2016-10-06,16.0,26.0,20.0,26.0,19.0,17.0,19.0,24.0,19.0,16.0,5.0,20.0,14.0,24.0,21.0,25.0,13.0,1.0,19.0,19.0,21.0,18.0,25.0,10.0,23.0,18.0,25.0,12.0,15.0,16.0,14.0,14.0,4.0,20.0,7.0,26.0,17.0,25.0,15.0,22.0,1.0,17.0,2.0,16.0,26.0,5.0,22.0,9.0
2016-10-07,15.0,26.0,19.0,26.0,21.0,14.0,17.0,24.0,17.0,14.0,6.0,19.0,10.0,21.0,21.0,25.0,12.0,1.0,19.0,20.0,21.0,17.0,25.0,4.0,20.0,17.0,25.0,8.0,12.0,11.0,11.0,14.0,1.0,18.0,5.0,25.0,12.0,25.0,11.0,19.0,4.0,16.0,3.0,15.0,25.0,0.0,19.0,7.0
2016-10-08,11.0,24.0,16.0,24.0,22.0,10.0,14.0,23.0,15.0,13.0,5.0,18.0,9.0,20.0,18.0,24.0,9.0,-1.0,16.0,20.0,18.0,15.0,21.0,4.0,18.0,14.0,21.0,2.0,13.0,8.0,5.0,15.0,0.0,15.0,0.0,25.0,9.0,24.0,7.0,18.0,-1.0,11.0,-1.0,12.0,24.0,1.0,17.0,3.0
2016-10-09,10.0,23.0,15.0,23.0,21.0,10.0,14.0,21.0,14.0,11.0,4.0,17.0,10.0,18.0,17.0,22.0,11.0,1.0,14.0,17.0,16.0,15.0,19.0,2.0,17.0,15.0,17.0,7.0,12.0,10.0,8.0,16.0,2.0,14.0,1.0,23.0,12.0,22.0,9.0,18.0,-1.0,13.0,0.0,14.0,23.0,2.0,16.0,8.0
2016-10-10,14.0,22.0,16.0,24.0,20.0,12.0,16.0,21.0,15.0,13.0,5.0,15.0,12.0,18.0,17.0,22.0,13.0,0.0,15.0,18.0,17.0,14.0,20.0,4.0,18.0,16.0,18.0,7.0,12.0,11.0,9.0,17.0,2.0,14.0,4.0,24.0,14.0,22.0,11.0,18.0,-1.0,14.0,0.0,15.0,23.0,2.0,15.0,7.0
2016-10-11,13.0,20.0,17.0,21.0,21.0,13.0,16.0,21.0,17.0,14.0,9.0,16.0,12.0,19.0,18.0,21.0,11.0,0.0,16.0,19.0,17.0,14.0,22.0,6.0,19.0,15.0,20.0,6.0,13.0,11.0,10.0,16.0,4.0,17.0,-1.0,21.0,14.0,20.0,12.0,19.0,-1.0,15.0,-1.0,16.0,20.0,4.0,17.0,4.0
2016-10-12,13.0,21.0,16.0,21.0,20.0,15.0,16.0,21.0,16.0,14.0,8.0,16.0,13.0,18.0,19.0,21.0,14.0,2.0,16.0,15.0,17.0,14.0,22.0,6.0,18.0,16.0,20.0,10.0,12.0,14.0,10.0,14.0,4.0,17.0,4.0,24.0,16.0,21.0,14.0,19.0,-1.0,15.0,1.0,16.0,22.0,3.0,18.0,9.0
2016-10-13,17.0,22.0,16.0,23.0,20.0,14.0,16.0,22.0,17.0,13.0,2.0,17.0,13.0,20.0,17.0,22.0,16.0,1.0,17.0,21.0,16.0,13.0,21.0,7.0,20.0,15.0,20.0,12.0,13.0,14.0,12.0,15.0,7.0,17.0,8.0,24.0,14.0,22.0,12.0,19.0,0.0,11.0,4.0,16.0,23.0,6.0,18.0,14.0
2016-10-14,14.0,24.0,16.0,23.0,21.0,14.0,17.0,22.0,17.0,15.0,0.0,17.0,14.0,21.0,18.0,23.0,16.0,7.0,18.0,20.0,17.0,15.0,22.0,8.0,20.0,17.0,22.0,11.0,12.0,15.0,13.0,15.0,7.0,18.0,12.0,25.0,15.0,23.0,13.0,19.0,7.0,15.0,10.0,17.0,24.0,8.0,19.0,16.0
2016-10-15,17.0,23.0,16.0,23.0,22.0,15.0,18.0,23.0,19.0,13.0,0.0,17.0,13.0,20.0,19.0,24.0,16.0,9.0,19.0,19.0,18.0,15.0,24.0,6.0,20.0,17.0,23.0,13.0,12.0,13.0,11.0,14.0,3.0,19.0,12.0,24.0,14.0,23.0,14.0,21.0,12.0,16.0,13.0,17.0,24.0,5.0,20.0,17.0
2016-10-16,16.0,25.0,16.0,25.0,20.0,14.0,17.0,24.0,18.0,13.0,4.0,18.0,13.0,21.0,20.0,25.0,16.0,6.0,18.0,20.0,18.0,16.0,24.0,5.0,20.0,15.0,24.0,11.0,12.0,13.0,12.0,14.0,1.0,18.0,10.0,25.0,15.0,24.0,12.0,20.0,6.0,14.0,5.0,16.0,25.0,2.0,20.0,11.0
2016-10-17,13.0,23.0,16.0,22.0,22.0,14.0,18.0,24.0,18.0,14.0,4.0,19.0,13.0,22.0,20.0,23.0,12.0,2.0,18.0,18.0,19.0,16.0,24.0,6.0,20.0,17.0,23.0,9.0,12.0,14.0,10.0,15.0,4.0,18.0,1.0,23.0,15.0,22.0,13.0,20.0,0.0,13.0,2.0,15.0,23.0,4.0,19.0,7.0
2016-10-18,14.0,24.0,18.0,24.0,20.0,14.0,18.0,23.0,18.0,14.0,4.0,18.0,14.0,21.0,21.0,23.0,14.0,1.0,18.0,16.0,20.0,16.0,24.0,7.0,20.0,18.0,23.0,13.0,12.0,14.0,12.0,13.0,4.0,18.0,8.0,24.0,15.0,24.0,13.0,20.0,0.0,16.0,5.0,16.0,24.0,6.0,20.0,12.0
2016-10-19,14.0,24.0,19.0,23.0,21.0,15.0,19.0,22.0,19.0,15.0,-1.0,20.0,14.0,22.0,21.0,22.0,13.0,-2.0,18.0,19.0,18.0,16.0,25.0,10.0,21.0,19.0,23.0,12.0,14.0,14.0,13.0,12.0,9.0,19.0,4.0,24.0,16.0,23.0,14.0,20.0,-4.0,17.0,-2.0,16.0,25.0,9.0,20.0,6.0
2016-10-20,16.0,24.0,18.0,23.0,21.0,15.0,19.0,24.0,20.0,14.0,0.0,22.0,11.0,23.0,22.0,24.0,11.0,-1.0,19.0,20.0,19.0,18.0,25.0,9.0,23.0,19.0,25.0,10.0,16.0,11.0,11.0,12.0,8.0,19.0,2.0,25.0,15.0,23.0,14.0,20.0,-3.0,15.0,-1.0,17.0,23.0,8.0,20.0,5.0
2016-10-21,13.0,24.0,19.0,23.0,21.0,13.0,19.0,23.0,19.0,12.0,1.0,20.0,10.0,24.0,21.0,23.0,9.0,-4.0,19.0,23.0,19.0,17.0,25.0,9.0,23.0,19.0,25.0,9.0,15.0,10.0,10.0,12.0,2.0,19.0,4.0,24.0,11.0,24.0,12.0,21.0,-3.0,16.0,-2.0,13.0,24.0,3.0,21.0,4.0
2016-10-22,11.0,25.0,16.0,24.0,21.0,12.0,18.0,24.0,19.0,10.0,0.0,21.0,10.0,24.0,20.0,24.0,7.0,-3.0,18.0,20.0,18.0,17.0,24.0,8.0,21.0,16.0,24.0,5.0,12.0,9.0,7.0,12.0,4.0,19.0,-1.0,25.0,10.0,24.0,10.0,20.0,-3.0,12.0,-4.0,11.0,25.0,3.0,20.0,1.0
2016-10-23,12.0,24.0,16.0,24.0,23.0,9.0,15.0,24.0,16.0,8.0,0.0,20.0,7.0,20.0,19.0,24.0,10.0,-2.0,16.0,20.0,15.0,16.0,23.0,6.0,19.0,14.0,22.0,4.0,10.0,8.0,5.0,12.0,4.0,16.0,-2.0,26.0,7.0,25.0,6.0,18.0,-1.0,11.0,-2.0,12.0,25.0,4.0,18.0,3.0
2016-10-24,13.0,24.0,12.0,25.0,23.0,9.0,16.0,24.0,17.0,7.0,-2.0,20.0,8.0,21.0,20.0,24.0,11.0,1.0,17.0,18.0,13.0,16.0,22.0,4.0,20.0,14.0,22.0,5.0,8.0,7.0,6.0,14.0,2.0,17.0,8.0,25.0,8.0,25.0,9.0,21.0,0.0,9.0,3.0,12.0,25.0,1.0,19.0,10.0
2016-10-25,12.0,25.0,14.0,24.0,24.0,11.0,15.0,23.0,17.0,10.0,-3.0,19.0,11.0,23.0,20.0,24.0,10.0,-2.0,17.0,18.0,14.0,16.0,23.0,7.0,20.0,16.0,23.0,7.0,10.0,11.0,10.0,14.0,0.0,18.0,3.0,25.0,11.0,24.0,9.0,20.0,-2.0,14.0,-2.0,13.0,24.0,1.0,20.0,5.0
2016-10-26,12.0,24.0,14.0,25.0,24.0,11.0,16.0,24.0,16.0,11.0,-5.0,18.0,10.0,24.0,20.0,24.0,7.0,-4.0,17.0,18.0,14.0,16.0,23.0,6.0,22.0,15.0,24.0,6.0,9.0,8.0,9.0,15.0,2.0,17.0,-4.0,26.0,11.0,25.0,9.0,19.0,-5.0,13.0,-3.0,12.0,25.0,1.0,18.0,0.0
2016-10-27,10.0,24.0,12.0,24.0,22.0,10.0,13.0,22.0,14.0,9.0,-5.0,12.0,7.0,23.0,17.0,24.0,7.0,-4.0,15.0,21.0,13.0,13.0,24.0,3.0,19.0,14.0,24.0,6.0,8.0,8.0,6.0,15.0,-5.0,15.0,2.0,26.0,9.0,24.0,9.0,17.0,-3.0,12.0,-1.0,11.0,25.0,-3.0,17.0,2.0
2016-10-28,9.0,24.0,10.0,23.0,22.0,9.0,11.0,23.0,12.0,8.0,-5.0,10.0,6.0,19.0,15.0,21.0,4.0,-6.0,14.0,18.0,11.0,10.0,24.0,0.0,17.0,8.0,22.0,-1.0,8.0,3.0,2.0,13.0,-7.0,14.0,-4.0,25.0,7.0,23.0,7.0,16.0,-7.0,9.0,-5.0,9.0,24.0,-6.0,15.0,-2.0
2016-10-29,5.0,23.0,7.0,22.0,16.0,6.0,8.0,20.0,9.0,6.0,-4.0,12.0,4.0,18.0,13.0,21.0,6.0,-7.0,10.0,15.0,10.0,6.0,21.0,-1.0,17.0,7.0,19.0,0.0,7.0,3.0,2.0,11.0,-3.0,10.0,-3.0,22.0,8.0,22.0,6.0,14.0,-7.0,6.0,-5.0,9.0,23.0,-4.0,13.0,1.0
2016-10-30,6.0,22.0,10.0,20.0,16.0,7.0,13.0,20.0,11.0,7.0,-4.0,14.0,5.0,17.0,13.0,20.0,4.0,-9.0,13.0,17.0,12.0,10.0,20.0,2.0,17.0,11.0,19.0,2.0,8.0,4.0,3.0,12.0,-6.0,13.0,-6.0,23.0,8.0,21.0,7.0,15.0,-10.0,9.0,-10.0,9.0,22.0,-7.0,14.0,-2.0
2016-10-31,4.0,20.0,9.0,20.0,16.0,0.0,7.0,18.0,9.0,4.0,-2.0,12.0,3.0,16.0,12.0,20.0,2.0,-8.0,11.0,16.0,11.0,9.0,20.0,-2.0,16.0,8.0,19.0,-3.0,10.0,1.0,-2.0,12.0,-4.0,11.0,-5.0,21.0,1.0,19.0,0.0,15.0,-9.0,3.0,-9.0,4.0,21.0,-5.0,13.0,-1.0
2016-11-01,5.0,19.0,7.0,18.0,16.0,2.0,5.0,18.0,6.0,4.0,-2.0,14.0,0.0,14.0,12.0,18.0,3.0,-8.0,7.0,12.0,12.0,11.0,19.0,-1.0,13.0,6.0,17.0,-3.0,6.0,2.0,-2.0,12.0,-7.0,6.0,-9.0,20.0,3.0,19.0,1.0,10.0,-8.0,5.0,-9.0,4.0,20.0,-5.0,8.0,-2.0
2016-11-02,6.0,18.0,8.0,17.0,16.0,4.0,8.0,17.0,8.0,7.0,3.0,14.0,5.0,13.0,11.0,17.0,8.0,-10.0,6.0,14.0,10.0,11.0,17.0,1.0,10.0,8.0,15.0,0.0,6.0,4.0,0.0,13.0,-4.0,7.0,-5.0,19.0,8.0,18.0,3.0,10.0,-8.0,5.0,-6.0,8.0,19.0,-5.0,9.0,0.0
2016-11-03,10.0,18.0,8.0,16.0,16.0,7.0,8.0,15.0,9.0,9.0,4.0,15.0,5.0,14.0,11.0,16.0,10.0,-9.0,9.0,12.0,10.0,9.0,17.0,2.0,8.0,8.0,16.0,4.0,9.0,8.0,2.0,12.0,0.0,10.0,-2.0,20.0,12.0,17.0,9.0,12.0,-9.0,9.0,-5.0,11.0,20.0,-3.0,11.0,5.0
2016-11-04,10.0,21.0,10.0,18.0,15.0,9.0,10.0,18.0,10.0,10.0,-2.0,14.0,6.0,14.0,11.0,18.0,11.0,-7.0,11.0,12.0,11.0,13.0,18.0,1.0,10.0,9.0,16.0,5.0,8.0,8.0,4.0,11.0,1.0,11.0,5.0,21.0,13.0,19.0,10.0,14.0,-7.0,10.0,-3.0,12.0,20.0,-2.0,12.0,8.0
2016-11-05,9.0,22.0,13.0,20.0,17.0,8.0,11.0,20.0,11.0,10.0,-6.0,16.0,6.0,16.0,12.0,20.0,3.0,-12.0,13.0,14.0,14.0,13.0,19.0,3.0,12.0,12.0,18.0,3.0,10.0,6.0,3.0,12.0,0.0,13.0,-3.0,22.0,9.0,21.0,9.0,16.0,-11.0,12.0,-7.0,11.0,22.0,-1.0,14.0,-3.0
2016-11-07,3.0,20.0,10.0,19.0,18.0,4.0,11.0,18.0,11.0,6.0,-4.0,11.0,3.0,17.0,12.0,19.0,0.0,-12.0,11.0,17.0,10.0,9.0,20.0,-1.0,14.0,8.0,19.0,-4.0,9.0,4.0,2.0,13.0,-4.0,11.0,-6.0,21.0,2.0,19.0,3.0,12.0,-10.0,6.0,-10.0,6.0,18.0,-6.0,11.0,-5.0
2016-11-08,3.0,16.0,8.0,16.0,14.0,1.0,7.0,16.0,7.0,3.0,-3.0,10.0,2.0,13.0,11.0,16.0,-1.0,-13.0,8.0,10.0,8.0,8.0,18.0,-3.0,10.0,6.0,15.0,-3.0,7.0,3.0,-1.0,11.0,-4.0,9.0,-12.0,19.0,2.0,16.0,-1.0,10.0,-14.0,2.0,-12.0,3.0,17.0,-5.0,10.0,-7.0
2016-11-09,5.0,15.0,4.0,15.0,12.0,5.0,8.0,13.0,8.0,4.0,-2.0,10.0,3.0,12.0,7.0,12.0,1.0,-10.0,10.0,10.0,5.0,9.0,17.0,-1.0,11.0,7.0,14.0,2.0,4.0,4.0,2.0,8.0,-3.0,9.0,-7.0,16.0,6.0,17.0,5.0,11.0,-12.0,4.0,-7.0,5.0,15.0,-2.0,10.0,-3.0
2016-11-10,6.0,13.0,5.0,12.0,10.0,2.0,6.0,12.0,7.0,4.0,-4.0,10.0,3.0,9.0,8.0,13.0,6.0,-7.0,7.0,10.0,7.0,8.0,15.0,-2.0,7.0,6.0,14.0,-2.0,4.0,4.0,1.0,9.0,-6.0,7.0,-2.0,15.0,5.0,13.0,3.0,9.0,-6.0,6.0,-3.0,7.0,14.0,-5.0,7.0,0.0
2016-11-11,8.0,13.0,8.0,13.0,13.0,6.0,9.0,12.0,9.0,6.0,0.0,10.0,3.0,12.0,9.0,12.0,8.0,-11.0,11.0,9.0,7.0,9.0,17.0,-1.0,8.0,10.0,14.0,0.0,7.0,5.0,1.0,10.0,-4.0,10.0,-2.0,17.0,9.0,12.0,6.0,10.0,-13.0,8.0,-6.0,11.0,15.0,-3.0,9.0,1.0
2016-11-12,8.0,18.0,11.0,18.0,18.0,6.0,11.0,18.0,11.0,8.0,-1.0,14.0,4.0,16.0,13.0,16.0,8.0,-11.0,11.0,10.0,14.0,8.0,19.0,-1.0,14.0,11.0,18.0,3.0,7.0,6.0,2.0,10.0,-1.0,12.0,-4.0,20.0,9.0,15.0,7.0,14.0,-14.0,8.0,-7.0,12.0,20.0,-3.0,12.0,1.0
2016-11-13,10.0,22.0,13.0,21.0,21.0,7.0,13.0,22.0,13.0,7.0,-2.0,14.0,4.0,17.0,15.0,21.0,8.0,-10.0,12.0,9.0,15.0,10.0,20.0,0.0,16.0,13.0,19.0,4.0,8.0,7.0,3.0,9.0,-5.0,13.0,0.0,23.0,10.0,21.0,6.0,15.0,-8.0,9.0,-2.0,11.0,23.0,-5.0,15.0,4.0
2016-11-14,4.0,21.0,13.0,22.0,20.0,3.0,11.0,21.0,11.0,7.0,-3.0,15.0,1.0,18.0,16.0,20.0,0.0,-13.0,11.0,13.0,16.0,12.0,21.0,-1.0,14.0,11.0,21.0,-4.0,6.0,2.0,-2.0,7.0,-6.0,12.0,-8.0,22.0,4.0,21.0,2.0,13.0,-14.0,7.0,-10.0,6.0,22.0,-6.0,14.0,-5.0
2016-11-15,3.0,20.0,14.0,22.0,19.0,4.0,9.0,20.0,9.0,7.0,-2.0,14.0,3.0,15.0,16.0,20.0,1.0,-13.0,8.0,15.0,16.0,12.0,20.0,1.0,12.0,10.0,18.0,0.0,8.0,4.0,0.0,7.0,-3.0,9.0,-5.0,23.0,7.0,22.0,3.0,11.0,-15.0,7.0,-8.0,7.0,23.0,-2.0,12.0,-3.0
2016-11-16,6.0,21.0,14.0,22.0,18.0,5.0,11.0,18.0,13.0,7.0,-5.0,16.0,4.0,15.0,16.0,21.0,6.0,-15.0,12.0,14.0,16.0,12.0,19.0,0.0,14.0,12.0,17.0,2.0,8.0,6.0,2.0,9.0,-1.0,14.0,-7.0,23.0,7.0,22.0,3.0,14.0,-17.0,8.0,-9.0,10.0,23.0,-3.0,14.0,-3.0
2016-11-17,8.0,22.0,14.0,23.0,19.0,8.0,14.0,20.0,13.0,10.0,-9.0,16.0,4.0,18.0,17.0,21.0,8.0,-15.0,15.0,14.0,16.0,13.0,20.0,1.0,17.0,13.0,19.0,5.0,6.0,6.0,4.0,8.0,0.0,15.0,-4.0,23.0,9.0,22.0,6.0,16.0,-14.0,12.0,-4.0,12.0,22.0,-1.0,15.0,0.0
2016-11-18,11.0,22.0,14.0,22.0,19.0,9.0,15.0,22.0,15.0,9.0,-11.0,16.0,4.0,19.0,17.0,22.0,10.0,-13.0,15.0,17.0,15.0,14.0,20.0,2.0,17.0,13.0,20.0,5.0,6.0,5.0,6.0,7.0,-1.0,15.0,1.0,23.0,11.0,21.0,9.0,17.0,-10.0,13.0,-7.0,12.0,22.0,-3.0,16.0,4.0
2016-11-19,6.0,23.0,13.0,22.0,21.0,5.0,15.0,22.0,16.0,9.0,-13.0,15.0,3.0,20.0,18.0,22.0,0.0,-16.0,15.0,16.0,16.0,12.0,21.0,-1.0,18.0,14.0,20.0,-1.0,4.0,4.0,3.0,6.0,-7.0,16.0,-8.0,23.0,7.0,23.0,5.0,17.0,-17.0,11.0,-13.0,8.0,23.0,-7.0,17.0,-7.0
2016-11-20,4.0,24.0,13.0,24.0,22.0,6.0,14.0,22.0,15.0,6.0,-14.0,16.0,2.0,20.0,18.0,22.0,-2.0,-20.0,14.0,16.0,15.0,11.0,21.0,1.0,17.0,13.0,20.0,-2.0,6.0,1.0,-1.0,6.0,-8.0,15.0,-7.0,24.0,8.0,22.0,7.0,16.0,-21.0,10.0,-17.0,8.0,23.0,-9.0,16.0,-7.0
2016-11-21,-2.0,23.0,6.0,22.0,22.0,0.0,9.0,22.0,12.0,0.0,-16.0,15.0,-5.0,19.0,16.0,22.0,-7.0,-20.0,11.0,17.0,10.0,12.0,20.0,-6.0,16.0,6.0,20.0,-8.0,2.0,-4.0,-9.0,6.0,-16.0,12.0,-13.0,23.0,-3.0,23.0,-2.0,15.0,-21.0,1.0,-18.0,1.0,23.0,-15.0,16.0,-12.0
2016-11-22,-2.0,20.0,-1.0,15.0,16.0,-5.0,2.0,16.0,3.0,-4.0,-17.0,7.0,-5.0,12.0,6.0,18.0,-7.0,-21.0,4.0,9.0,2.0,6.0,18.0,-9.0,11.0,1.0,15.0,-10.0,-2.0,-6.0,-8.0,5.0,-15.0,4.0,-14.0,16.0,-6.0,21.0,-7.0,7.0,-23.0,-1.0,-18.0,-2.0,18.0,-16.0,8.0,-12.0
2016-11-23,0.0,12.0,-3.0,10.0,10.0,-5.0,-1.0,10.0,-1.0,-6.0,-16.0,8.0,-4.0,8.0,3.0,10.0,-4.0,-17.0,0.0,10.0,0.0,5.0,15.0,-11.0,5.0,-4.0,13.0,-10.0,-3.0,-3.0,-6.0,5.0,-15.0,-1.0,-13.0,12.0,-5.0,11.0,-8.0,4.0,-22.0,-6.0,-16.0,-2.0,12.0,-15.0,2.0,-10.0
2016-11-24,0.0,12.0,-2.0,10.0,10.0,-3.0,-1.0,11.0,0.0,-3.0,-14.0,8.0,-2.0,9.0,3.0,10.0,-1.0,-18.0,1.0,6.0,1.0,5.0,15.0,-10.0,6.0,-1.0,12.0,-7.0,-1.0,-1.0,-6.0,6.0,-13.0,1.0,-12.0,13.0,-2.0,11.0,-4.0,3.0,-20.0,-4.0,-13.0,-1.0,12.0,-13.0,3.0,-6.0
2016-11-25,2.0,14.0,4.0,12.0,9.0,-1.0,4.0,12.0,5.0,0.0,-11.0,9.0,-2.0,11.0,5.0,12.0,3.0,-16.0,3.0,10.0,3.0,4.0,15.0,-8.0,9.0,3.0,13.0,-4.0,0.0,1.0,-5.0,6.0,-11.0,5.0,-7.0,16.0,2.0,13.0,0.0,8.0,-20.0,-1.0,-9.0,4.0,14.0,-11.0,7.0,-1.0
2016-11-26,2.0,11.0,3.0,9.0,8.0,-2.0,1.0,12.0,2.0,0.0,-12.0,7.0,0.0,10.0,5.0,10.0,2.0,-16.0,2.0,5.0,3.0,4.0,14.0,-5.0,6.0,2.0,13.0,-5.0,1.0,-1.0,-4.0,3.0,-10.0,2.0,-7.0,12.0,2.0,12.0,-2.0,6.0,-12.0,-1.0,-12.0,2.0,12.0,-11.0,4.0,-5.0
2016-11-27,1.0,12.0,0.0,10.0,8.0,-2.0,3.0,11.0,3.0,-2.0,-10.0,8.0,-1.0,7.0,5.0,10.0,-1.0,-17.0,3.0,6.0,4.0,6.0,12.0,-6.0,6.0,3.0,10.0,-6.0,0.0,-2.0,-4.0,5.0,-9.0,3.0,-11.0,13.0,-1.0,12.0,-4.0,7.0,-17.0,-1.0,-14.0,1.0,11.0,-11.0,4.0,-6.0
2016-11-28,2.0,14.0,3.0,11.0,8.0,-1.0,3.0,10.0,3.0,2.0,-12.0,10.0,-1.0,10.0,6.0,11.0,0.0,-17.0,5.0,8.0,5.0,6.0,13.0,-6.0,8.0,5.0,11.0,-4.0,2.0,2.0,-4.0,6.0,-7.0,4.0,-11.0,13.0,0.0,12.0,-2.0,9.0,-17.0,1.0,-13.0,3.0,14.0,-6.0,6.0,-5.0
2016-11-29,4.0,15.0,3.0,15.0,10.0,2.0,7.0,12.0,5.0,3.0,-12.0,10.0,-1.0,13.0,8.0,11.0,3.0,-14.0,8.0,10.0,6.0,6.0,15.0,-4.0,9.0,5.0,14.0,1.0,1.0,0.0,-3.0,6.0,-8.0,7.0,-5.0,16.0,3.0,14.0,1.0,9.0,-18.0,1.0,-8.0,6.0,16.0,-9.0,8.0,-4.0
2016-11-30,3.0,14.0,3.0,13.0,10.0,1.0,4.0,12.0,5.0,2.0,-13.0,9.0,0.0,12.0,8.0,11.0,1.0,-11.0,5.0,6.0,4.0,7.0,16.0,-6.0,8.0,3.0,15.0,-4.0,1.0,1.0,-1.0,6.0,-10.0,5.0,-6.0,16.0,1.0,13.0,-1.0,8.0,-8.0,1.0,-9.0,4.0,16.0,-11.0,7.0,-3.0
2016-12-01,0.0,15.0,2.0,13.0,10.0,-1.0,4.0,14.0,5.0,1.0,-9.0,8.0,-1.0,10.0,8.0,13.0,1.0,-12.0,5.0,3.0,5.0,8.0,15.0,-5.0,9.0,5.0,13.0,-4.0,1.0,1.0,-4.0,7.0,-9.0,5.0,-8.0,16.0,1.0,13.0,-3.0,8.0,-13.0,1.0,-8.0,2.0,16.0,-10.0,6.0,-2.0
2016-12-02,3.0,17.0,2.0,15.0,11.0,1.0,5.0,15.0,5.0,3.0,-12.0,11.0,0.0,10.0,8.0,15.0,5.0,-8.0,5.0,6.0,8.0,8.0,15.0,-5.0,8.0,4.0,13.0,-2.0,2.0,2.0,-3.0,7.0,-8.0,6.0,-3.0,18.0,5.0,16.0,3.0,9.0,-11.0,2.0,-4.0,5.0,16.0,-7.0,7.0,3.0
2016-12-03,7.0,16.0,4.0,15.0,10.0,4.0,7.0,15.0,7.0,6.0,-12.0,8.0,2.0,12.0,9.0,15.0,6.0,-8.0,7.0,7.0,8.0,4.0,16.0,-6.0,8.0,5.0,14.0,-2.0,0.0,2.0,-2.0,7.0,-9.0,8.0,1.0,18.0,6.0,17.0,5.0,9.0,-10.0,6.0,-8.0,8.0,18.0,-10.0,9.0,3.0
2016-12-04,3.0,19.0,5.0,18.0,14.0,2.0,6.0,17.0,7.0,4.0,-10.0,8.0,0.0,13.0,10.0,16.0,-1.0,-15.0,5.0,6.0,7.0,6.0,17.0,-4.0,8.0,5.0,15.0,-4.0,2.0,1.0,-2.0,4.0,-8.0,6.0,-8.0,20.0,3.0,18.0,2.0,8.0,-20.0,4.0,-11.0,4.0,19.0,-11.0,8.0,-7.0
2016-12-05,-1.0,16.0,2.0,15.0,13.0,-4.0,4.0,16.0,5.0,-1.0,-11.0,7.0,-3.0,12.0,8.0,15.0,-2.0,-20.0,5.0,0.0,6.0,4.0,17.0,-8.0,8.0,3.0,14.0,-7.0,0.0,-2.0,-5.0,6.0,-12.0,5.0,-11.0,17.0,-2.0,18.0,-5.0,8.0,-23.0,-3.0,-15.0,0.0,18.0,-12.0,7.0,-8.0
2016-12-06,1.0,17.0,1.0,12.0,8.0,-2.0,2.0,11.0,3.0,3.0,-7.0,8.0,0.0,8.0,5.0,11.0,0.0,-21.0,2.0,2.0,5.0,2.0,11.0,-6.0,3.0,4.0,9.0,-4.0,1.0,-1.0,-3.0,5.0,-10.0,2.0,-11.0,15.0,1.0,13.0,-2.0,5.0,-23.0,0.0,-14.0,2.0,15.0,-11.0,4.0,-6.0
2016-12-07,-1.0,14.0,0.0,13.0,9.0,0.0,4.0,11.0,4.0,3.0,-6.0,10.0,0.0,8.0,5.0,12.0,-1.0,-19.0,4.0,6.0,6.0,3.0,13.0,-5.0,4.0,3.0,10.0,-4.0,2.0,0.0,-2.0,5.0,-7.0,5.0,-9.0,17.0,3.0,14.0,-1.0,8.0,-18.0,3.0,-11.0,3.0,16.0,-9.0,4.0,-7.0
2016-12-08,1.0,14.0,3.0,14.0,10.0,-1.0,5.0,12.0,6.0,2.0,-4.0,9.0,-2.0,8.0,6.0,12.0,-3.0,-21.0,6.0,3.0,7.0,6.0,14.0,-6.0,6.0,6.0,10.0,-7.0,1.0,-2.0,-2.0,3.0,-12.0,6.0,-13.0,16.0,-1.0,13.0,-3.0,8.0,-21.0,1.0,-14.0,1.0,15.0,-11.0,7.0,-9.0
2016-12-09,0.0,14.0,5.0,13.0,9.0,-1.0,5.0,12.0,5.0,0.0,-4.0,13.0,-3.0,11.0,7.0,12.0,-3.0,-20.0,5.0,7.0,9.0,8.0,14.0,-4.0,8.0,5.0,13.0,-7.0,1.0,-3.0,-5.0,4.0,-10.0,6.0,-16.0,17.0,0.0,14.0,-3.0,9.0,-23.0,1.0,-14.0,1.0,16.0,-13.0,8.0,-8.0
2016-12-10,-1.0,15.0,5.0,13.0,8.0,-1.0,6.0,13.0,6.0,0.0,-5.0,12.0,-2.0,11.0,7.0,13.0,-1.0,-19.0,6.0,8.0,9.0,3.0,15.0,-6.0,8.0,6.0,14.0,-6.0,2.0,-1.0,-4.0,4.0,-8.0,7.0,-18.0,16.0,0.0,14.0,-2.0,9.0,-22.0,2.0,-15.0,2.0,17.0,-11.0,8.0,-7.0
2016-12-11,2.0,17.0,6.0,15.0,11.0,0.0,7.0,14.0,6.0,2.0,-6.0,12.0,-1.0,13.0,8.0,15.0,1.0,-17.0,8.0,8.0,8.0,8.0,15.0,-5.0,9.0,7.0,14.0,-2.0,2.0,1.0,-1.0,5.0,-5.0,7.0,-11.0,19.0,2.0,17.0,-1.0,10.0,-18.0,3.0,-11.0,4.0,18.0,-2.0,8.0,-4.0
2016-12-12,2.0,17.0,6.0,16.0,15.0,2.0,9.0,17.0,9.0,3.0,-7.0,11.0,-3.0,14.0,10.0,17.0,-3.0,-20.0,8.0,11.0,10.0,7.0,15.0,-2.0,12.0,7.0,14.0,-6.0,2.0,-1.0,-3.0,5.0,-8.0,8.0,-13.0,20.0,1.0,17.0,2.0,11.0,-21.0,6.0,-16.0,4.0,17.0,-6.0,10.0,-8.0
2016-12-13,-2.0,16.0,4.0,15.0,15.0,-4.0,3.0,15.0,4.0,-1.0,-5.0,11.0,-4.0,11.0,7.0,15.0,-8.0,-21.0,3.0,9.0,8.0,7.0,16.0,-5.0,5.0,3.0,13.0,-11.0,1.0,-4.0,-6.0,5.0,-10.0,4.0,-21.0,16.0,-4.0,15.0,-5.0,5.0,-25.0,-1.0,-20.0,-2.0,16.0,-11.0,5.0,-14.0
2016-12-14,-2.0,12.0,1.0,11.0,12.0,-5.0,-2.0,10.0,-2.0,-1.0,-3.0,10.0,-4.0,6.0,3.0,11.0,-7.0,-23.0,-1.0,0.0,3.0,8.0,12.0,-7.0,2.0,-1.0,9.0,-11.0,0.0,-4.0,-6.0,6.0,-12.0,-1.0,-22.0,13.0,-3.0,12.0,-6.0,2.0,-26.0,-4.0,-21.0,-3.0,14.0,-14.0,1.0,-15.0
2016-12-15,-3.0,11.0,-1.0,11.0,12.0,-4.0,0.0,12.0,-1.0,-2.0,-5.0,9.0,-4.0,4.0,2.0,9.0,-5.0,-19.0,-1.0,2.0,3.0,4.0,9.0,-8.0,1.0,-1.0,6.0,-8.0,-1.0,-3.0,-6.0,5.0,-11.0,-1.0,-20.0,11.0,-3.0,10.0,-5.0,2.0,-25.0,-4.0,-17.0,-3.0,11.0,-12.0,0.0,-12.0
2016-12-19,3.0,18.0,10.0,17.0,16.0,-1.0,9.0,16.0,10.0,3.0,-8.0,10.0,-2.0,16.0,12.0,17.0,0.0,-14.0,9.0,5.0,9.0,8.0,15.0,-5.0,13.0,8.0,18.0,-4.0,2.0,-2.0,-4.0,6.0,-6.0,10.0,-5.0,19.0,2.0,17.0,0.0,13.0,-15.0,4.0,-5.0,4.0,18.0,-11.0,12.0,0.0
2016-12-20,3.0,19.0,8.0,18.0,18.0,0.0,10.0,18.0,10.0,3.0,-12.0,10.0,-1.0,18.0,11.0,18.0,1.0,-17.0,10.0,5.0,9.0,7.0,18.0,-1.0,15.0,8.0,18.0,-2.0,2.0,-1.0,-2.0,5.0,-3.0,11.0,-7.0,19.0,1.0,17.0,2.0,13.0,-17.0,4.0,-9.0,1.0,19.0,-3.0,12.0,0.0
2016-12-21,1.0,17.0,2.0,18.0,15.0,1.0,6.0,16.0,7.0,2.0,-11.0,8.0,-1.0,15.0,7.0,16.0,-4.0,-16.0,6.0,8.0,5.0,3.0,18.0,-6.0,9.0,5.0,16.0,-3.0,-1.0,-1.0,-3.0,6.0,-9.0,7.0,-9.0,17.0,0.0,17.0,0.0,9.0,-16.0,3.0,-12.0,2.0,17.0,-11.0,9.0,-9.0
2016-12-22,-2.0,14.0,1.0,13.0,13.0,-3.0,2.0,11.0,2.0,0.0,-11.0,8.0,-2.0,8.0,5.0,12.0,-8.0,-18.0,3.0,6.0,4.0,6.0,13.0,-9.0,5.0,1.0,12.0,-9.0,-1.0,-3.0,-5.0,7.0,-12.0,3.0,-12.0,16.0,-3.0,17.0,-6.0,6.0,-14.0,-2.0,-13.0,-1.0,14.0,-14.0,4.0,-12.0
2016-12-23,-2.0,15.0,1.0,13.0,15.0,-4.0,3.0,14.0,3.0,1.0,-10.0,9.0,-3.0,8.0,7.0,15.0,-7.0,-20.0,3.0,2.0,8.0,7.0,12.0,-7.0,4.0,3.0,10.0,-10.0,0.0,-3.0,-6.0,7.0,-12.0,3.0,-20.0,17.0,-3.0,14.0,-6.0,5.0,-23.0,-1.0,-19.0,-2.0,16.0,-13.0,3.0,-13.0
2016-12-24,-2.0,16.0,6.0,16.0,15.0,-2.0,4.0,15.0,5.0,1.0,-14.0,10.0,-3.0,10.0,9.0,17.0,-4.0,-16.0,4.0,2.0,8.0,7.0,13.0,-2.0,8.0,4.0,11.0,-5.0,1.0,-1.0,-5.0,7.0,-6.0,5.0,-18.0,16.0,0.0,15.0,-3.0,8.0,-20.0,0.0,-15.0,0.0,16.0,-4.0,6.0,-11.0
2016-12-25,0.0,17.0,4.0,16.0,15.0,-2.0,7.0,15.0,7.0,1.0,-17.0,7.0,-2.0,14.0,7.0,16.0,-6.0,-19.0,8.0,10.0,4.0,4.0,16.0,-4.0,10.0,5.0,15.0,-5.0,-1.0,-1.0,-2.0,6.0,-10.0,8.0,-12.0,19.0,-1.0,16.0,-3.0,9.0,-22.0,3.0,-19.0,0.0,18.0,-11.0,9.0,-9.0
2016-12-26,-3.0,13.0,0.0,12.0,12.0,-5.0,2.0,11.0,2.0,-2.0,-16.0,7.0,-4.0,8.0,6.0,11.0,-9.0,-23.0,3.0,8.0,4.0,4.0,16.0,-9.0,7.0,2.0,14.0,-12.0,-2.0,-5.0,-7.0,5.0,-15.0,3.0,-21.0,19.0,-4.0,12.0,-6.0,5.0,-25.0,-3.0,-23.0,-3.0,13.0,-16.0,5.0,-14.0
2016-12-27,-5.0,10.0,-1.0,8.0,7.0,-6.0,-2.0,8.0,-2.0,-4.0,-14.0,7.0,-5.0,4.0,2.0,7.0,-8.0,-21.0,-1.0,1.0,2.0,3.0,9.0,-10.0,3.0,-2.0,5.0,-10.0,-3.0,-6.0,-7.0,3.0,-14.0,-2.0,-20.0,11.0,-5.0,8.0,-6.0,1.0,-23.0,-4.0,-21.0,-5.0,10.0,-17.0,0.0,-15.0
2016-12-28,-3.0,9.0,-1.0,8.0,7.0,-5.0,-2.0,7.0,-1.0,-3.0,-14.0,8.0,-5.0,4.0,2.0,8.0,-5.0,-22.0,-1.0,5.0,2.0,6.0,10.0,-12.0,3.0,-2.0,8.0,-12.0,-4.0,-5.0,-7.0,4.0,-18.0,0.0,-17.0,10.0,-6.0,8.0,-8.0,2.0,-24.0,-3.0,-23.0,-2.0,9.0,-18.0,1.0,-12.0
2016-12-29,-5.0,11.0,-1.0,10.0,5.0,-6.0,-1.0,8.0,-1.0,-3.0,-13.0,8.0,-4.0,4.0,3.0,7.0,-4.0,-19.0,-1.0,0.0,3.0,7.0,10.0,-12.0,3.0,-2.0,7.0,-11.0,-2.0,-4.0,-7.0,3.0,-17.0,0.0,-12.0,13.0,-6.0,10.0,-7.0,3.0,-22.0,-3.0,-17.0,-1.0,10.0,-16.0,2.0,-9.0
2016-12-30,-2.0,12.0,-1.0,10.0,4.0,-3.0,0.0,10.0,0.0,-1.0,-12.0,10.0,-5.0,6.0,3.0,10.0,1.0,-18.0,0.0,1.0,4.0,5.0,11.0,-8.0,4.0,-1.0,9.0,-8.0,-2.0,-2.0,-6.0,4.0,-12.0,0.0,-15.0,15.0,0.0,11.0,-3.0,4.0,-20.0,-1.0,-16.0,0.0,13.0,-13.0,3.0,-4.0
2016-12-31,0.0,13.0,1.0,12.0,11.0,-2.0,1.0,12.0,1.0,-2.0,-14.0,10.0,-3.0,10.0,5.0,11.0,1.0,-18.0,2.0,0.0,5.0,7.0,14.0,-9.0,5.0,2.0,11.0,-6.0,-1.0,-2.0,-6.0,4.0,-13.0,2.0,-4.0,17.0,1.0,12.0,-1.0,6.0,-17.0,-2.0,-8.0,3.0,16.0,-13.0,5.0,0.0
